,City,Lat,Lng,Max_Temp,Humidity,Cloudiness,Wind_Speed,Country,Date,Ave DNI Jan,Ave GHI Jan,Ave Lat Tilt Jan,Ave DNI Aug,Ave GHI Aug,Ave Lat Tilt Aug
0,Puerto Peñasco,31.32,-113.53,31.11,78.0,27.0,7.15,MX,1596307463.0,,,,,,
1,Cockburn Town,21.46,-71.14,29.0,74.0,75.0,8.7,TC,1596307463.0,,,,,,
2,San Felipe,10.34,-68.74,31.1,52.0,70.0,4.54,VE,1596307463.0,,,,,,
3,Princeton,25.54,-80.41,32.0,66.0,20.0,10.8,US,1596307439.0,5.18,3.81,5.22,4.26,5.51,5.4
4,Deloraine,-41.53,146.67,10.0,100.0,40.0,4.6,AU,1596307463.0,,,,,,
5,Port Hardy,50.7,-127.42,19.0,68.0,75.0,4.1,CA,1596307324.0,,,,,,
6,Thetford Mines,46.09,-71.3,28.33,46.0,32.0,1.79,CA,1596307464.0,,,,,,
7,Lompoc,34.64,-120.46,20.0,77.0,0.0,5.7,US,1596307464.0,4.83,2.99,4.9,6.52,6.7,6.81
8,Ridgecrest,35.62,-117.67,36.11,11.0,1.0,1.5,US,1596307464.0,6.7,3.3,5.88,9.46,7.45,7.51
9,,,,,,,,,,,,,,,
10,Tuckahoe,37.59,-77.56,32.22,62.0,75.0,1.5,US,1596307464.0,3.93,2.37,4.08,4.51,5.52,5.58
11,Farmington,36.73,-108.22,31.67,20.0,1.0,4.1,US,1596307465.0,5.98,2.92,5.31,7.76,6.81,6.92
12,George Town,5.41,100.34,27.0,88.0,20.0,1.21,MY,1596307465.0,,,,,,
13,Elliot Lake,46.38,-82.63,27.0,47.0,1.0,3.1,CA,1596307465.0,,,,,,
14,Chambersburg,39.94,-77.66,28.33,62.0,100.0,0.45,US,1596307311.0,2.85,1.9,3.27,4.15,5.25,5.33
15,Virginia Beach,36.85,-75.98,32.22,74.0,75.0,4.1,US,1596307444.0,3.63,2.37,3.93,4.44,5.5,5.57
16,Creel,27.75,-107.63,25.12,36.0,0.0,5.62,MX,1596307465.0,,,,,,
17,Matamoros,25.53,-103.25,29.44,51.0,75.0,3.1,MX,1596307466.0,,,,,,
18,Grants Pass,42.44,-123.33,26.0,36.0,1.0,1.5,US,1596307466.0,2.11,1.57,2.68,8.28,6.81,7.18
19,Lewistown,40.6,-77.57,30.0,48.0,1.0,2.18,US,1596307466.0,2.9,1.89,3.32,4.16,5.19,5.27
20,Traverse City,44.76,-85.62,30.0,44.0,40.0,4.1,US,1596307410.0,1.88,1.3,2.35,5.0,5.28,5.51
21,Dixon,38.45,-121.82,27.0,50.0,1.0,2.6,US,1596307466.0,2.48,1.99,3.18,8.15,7.14,7.38
22,Miles City,46.41,-105.84,28.0,39.0,1.0,1.5,US,1596307466.0,2.46,1.32,2.73,7.09,6.11,6.59
23,Craig,40.52,-107.55,31.0,16.0,1.0,3.6,US,1596307467.0,2.78,1.84,3.16,7.14,6.3,6.47
24,Ocala,29.19,-82.14,35.0,46.0,1.0,2.6,US,1596307272.0,4.76,3.36,4.87,4.13,5.38,5.32
25,Venice,27.1,-82.45,34.0,46.0,20.0,5.7,US,1596307191.0,5.56,3.82,5.4,4.97,5.89,5.82
26,Payson,40.04,-111.73,36.11,21.0,20.0,1.5,US,1596307467.0,2.97,1.87,3.24,7.58,6.54,6.7
27,Sunrise,26.16,-80.29,33.33,59.0,40.0,6.2,US,1596307295.0,4.97,3.69,5.08,4.07,5.42,5.31
28,Charleston,32.78,-79.93,36.0,66.0,1.0,6.2,US,1596307244.0,4.31,2.87,4.45,4.37,5.56,5.55
29,Cañon City,38.44,-105.24,30.0,25.0,1.0,3.6,US,1596307467.0,5.92,2.82,5.34,6.44,6.02,6.11
30,Ada,43.42,-116.13,29.44,34.0,1.0,3.6,US,1596307468.0,2.92,1.62,3.12,8.85,6.9,7.29
31,Half Moon Bay,37.46,-122.43,22.78,72.0,5.0,3.1,US,1596307468.0,3.12,2.27,3.7,3.63,5.16,5.14
32,Pahrump,36.21,-115.98,38.33,5.0,0.0,2.68,US,1596307468.0,6.35,3.17,5.68,8.86,7.23,7.32
33,La Providencia,28.72,-111.58,37.22,43.0,45.0,5.36,MX,1596307468.0,,,,,,
34,Casper,42.87,-106.31,28.33,30.0,1.0,1.83,US,1596307468.0,4.02,1.96,3.99,7.31,6.37,6.66
35,Normandin,48.83,-72.53,26.0,69.0,20.0,2.1,CA,1596307468.0,,,,,,
36,Ucluelet,48.93,-125.55,17.78,93.0,75.0,4.1,CA,1596307266.0,,,,,,
37,Sainte-Thècle,46.82,-72.5,28.0,48.0,1.0,4.6,CA,1596307384.0,,,,,,
38,Fortuna,40.6,-124.16,18.89,80.0,100.0,1.34,US,1596307192.0,2.68,1.78,3.08,5.51,5.89,6.11
39,Ashland,40.82,-82.27,24.44,94.0,90.0,2.6,US,1596307469.0,2.2,1.68,2.79,4.32,5.27,5.38
40,Minot,48.23,-101.3,24.0,47.0,40.0,3.6,US,1596307440.0,2.27,1.16,2.52,6.04,5.56,6.0
41,Merrill,45.18,-89.68,26.0,50.0,75.0,3.1,US,1596307469.0,2.46,1.46,2.86,4.83,5.23,5.47
42,Ascension,30.22,-90.9,32.78,55.0,100.0,2.1,US,1596307469.0,3.66,2.79,4.0,4.54,5.67,5.62
43,Bow Island,49.87,-111.37,31.11,35.0,90.0,6.2,CA,1596307470.0,,,,,,
44,San Quintín,30.48,-115.95,26.78,55.0,4.0,4.37,MX,1596307470.0,,,,,,
45,Mastic Beach,40.77,-72.85,29.44,58.0,90.0,3.6,US,1596307470.0,3.03,1.94,3.47,4.63,5.46,5.62
46,Santa María del Oro,25.93,-105.37,27.86,40.0,19.0,6.18,MX,1596307470.0,,,,,,
47,Santa Barbara,34.42,-119.7,38.89,60.0,1.0,3.6,US,1596307470.0,4.73,2.98,4.86,7.52,6.93,6.99
48,Pacific Grove,36.62,-121.92,23.33,68.0,40.0,3.1,US,1596307470.0,3.82,2.5,4.13,3.72,5.13,5.06
49,North Vernon,39.01,-85.62,26.67,90.0,18.0,3.44,US,1596307471.0,2.71,1.88,3.14,4.98,5.63,5.75
50,Russellville,35.28,-93.13,29.44,51.0,20.0,1.5,US,1596307318.0,3.51,2.39,3.79,5.7,6.07,6.13
51,Abbeville,50.1,1.83,21.11,65.0,0.0,3.63,FR,1596307471.0,,,,,,
52,Casa Grande,32.88,-111.76,40.56,31.0,1.0,2.1,US,1596307471.0,6.54,3.55,5.85,7.18,6.68,6.68
53,Sterling,39.01,-77.43,30.0,69.0,75.0,3.1,US,1596307471.0,3.71,2.18,3.87,4.44,5.43,5.52
54,Marsh Harbour,26.54,-77.06,28.66,75.0,100.0,14.82,BS,1596307471.0,,,,,,
55,Lamar,33.67,-95.58,31.67,51.0,40.0,2.6,US,1596307472.0,3.92,2.6,4.06,5.97,6.21,6.23
56,Guerrero Negro,27.98,-114.06,32.2,41.0,2.0,2.77,MX,1596307472.0,,,,,,
57,Red Wing,44.56,-92.53,28.0,37.0,1.0,1.5,US,1596307448.0,2.53,1.52,2.93,5.0,5.24,5.48
58,Kewanee,41.25,-89.92,26.67,58.0,86.0,1.79,US,1596307472.0,2.33,1.62,2.79,4.92,5.42,5.58
59,Morro Bay,35.37,-120.85,30.56,42.0,0.0,1.34,US,1596307202.0,4.33,2.8,4.59,4.89,5.89,5.87
60,Brenham,30.17,-96.4,32.22,70.0,40.0,3.49,US,1596307472.0,3.73,2.82,4.04,5.46,6.15,6.11
61,Pascagoula,30.37,-88.56,33.33,59.0,75.0,1.5,US,1596307473.0,3.9,2.96,4.28,4.62,5.73,5.7
62,Baraboo,43.47,-89.74,26.0,41.0,1.0,3.6,US,1596307473.0,2.8,1.67,3.17,4.62,5.18,5.38
63,Cadillac,44.25,-85.4,30.0,41.0,40.0,2.57,US,1596307473.0,1.87,1.34,2.38,4.67,5.17,5.37
64,Ojinaga,29.57,-104.42,35.0,28.0,40.0,1.5,MX,1596307473.0,6.46,3.91,5.9,6.57,6.66,6.58
65,Washougal,45.58,-122.35,21.67,64.0,20.0,2.1,US,1596307473.0,1.42,1.11,1.92,5.23,5.48,5.81
66,Chanute,37.68,-95.46,29.0,48.0,20.0,3.6,US,1596307473.0,3.59,2.28,3.85,5.84,5.99,6.1
67,Stafford,52.81,-2.12,17.78,60.0,83.0,2.24,GB,1596307261.0,,,,,,
68,Devils Lake,48.11,-98.87,23.0,46.0,40.0,7.2,US,1596307474.0,1.28,0.95,1.74,5.69,5.38,5.79
69,Hurricane,37.18,-113.29,40.0,16.0,1.0,3.1,US,1596307474.0,5.99,2.98,5.43,8.08,6.88,6.98
70,Assiniboia,49.63,-105.98,24.16,36.0,0.0,3.31,CA,1596307325.0,,,,,,
71,Bustamante,26.53,-100.5,29.52,45.0,71.0,2.88,MX,1596307474.0,,,,,,
72,Esqueda,30.72,-109.58,34.37,29.0,0.0,0.87,MX,1596307474.0,,,,,,
73,Winchester,51.07,-1.32,20.56,60.0,6.0,6.2,GB,1596307474.0,,,,,,
74,Malibu,34.01,-118.81,35.0,30.0,0.0,0.45,US,1596307305.0,4.69,3.04,4.89,7.13,6.88,6.95
75,Missoula,47.02,-113.8,30.56,37.0,1.0,1.05,US,1596307475.0,2.41,1.2,2.57,7.25,6.02,6.42
76,Charter Township of Clinton,42.59,-82.92,27.22,69.0,90.0,3.1,US,1596307475.0,2.12,1.59,2.73,4.32,5.2,5.35
77,Lüshunkou,38.8,121.27,25.0,94.0,62.0,2.0,CN,1596307475.0,,,,,,
78,Cartersville,34.17,-84.8,32.0,52.0,75.0,4.1,US,1596307223.0,3.92,2.59,4.09,4.62,5.72,5.72
79,Post Falls,47.72,-116.95,27.22,34.0,1.0,2.6,US,1596307475.0,2.03,1.09,2.29,7.37,6.17,6.69
80,Garden City,42.33,-83.33,22.78,83.0,90.0,2.6,US,1596307476.0,2.26,1.63,2.83,4.43,5.27,5.42
81,Meridian,43.61,-116.39,30.56,23.0,1.0,2.6,US,1596307476.0,2.64,1.54,2.92,8.72,6.86,7.26
82,Madisonville,37.33,-87.5,26.67,78.0,90.0,2.6,US,1596307476.0,2.86,2.05,3.31,5.21,5.83,5.93
83,Baker City,44.77,-117.83,27.22,27.0,1.0,3.1,US,1596307476.0,2.38,1.35,2.61,8.1,6.48,6.87
84,Charlestown,-32.95,151.67,10.0,84.0,0.0,1.34,AU,1596307476.0,,,,,,
85,Great Bend,38.36,-98.76,29.44,57.0,1.0,2.82,US,1596307476.0,4.43,2.49,4.45,6.33,6.2,6.36
86,Willmar,45.12,-95.04,24.0,69.0,1.0,5.1,US,1596307201.0,2.35,1.45,2.79,5.4,5.45,5.73
87,Carberry,49.87,-99.36,24.0,47.0,75.0,4.1,CA,1596307477.0,,,,,,
88,Menomonie,44.88,-91.92,26.11,47.0,40.0,3.6,US,1596307477.0,2.51,1.5,2.92,5.02,5.25,5.49
89,Cortez,37.35,-108.59,31.0,23.0,1.0,4.1,US,1596307477.0,5.39,2.71,4.91,7.23,6.45,6.54
90,Lovington,32.94,-103.35,32.78,31.0,5.0,2.1,US,1596307477.0,6.04,3.46,5.6,6.73,6.61,6.61
91,Gloversville,43.05,-74.34,28.33,51.0,1.0,2.06,US,1596307477.0,2.66,1.65,3.07,4.6,5.18,5.34
92,Poland,44.06,-70.39,29.44,51.0,20.0,1.5,US,1596307268.0,3.13,1.74,3.47,5.01,5.29,5.52
93,Watertown,42.37,-71.18,32.78,40.0,1.0,1.5,US,1596307204.0,2.8,1.79,3.29,4.44,5.25,5.43
94,Uvalde,29.37,-99.77,34.44,43.0,75.0,3.6,US,1596307478.0,4.24,3.04,4.36,6.11,6.29,6.2
95,Bastrop,32.76,-91.87,31.0,58.0,40.0,3.1,US,1596307478.0,3.65,2.57,3.89,5.27,6.0,6.01
96,Elk Plain,47.05,-122.4,18.89,82.0,90.0,1.33,US,1596307234.0,1.5,1.06,1.95,4.77,5.12,5.41
97,Dillon,34.42,-79.37,32.22,70.0,90.0,2.6,US,1596307478.0,4.25,2.73,4.38,4.51,5.63,5.65
98,Hamilton,39.18,-84.53,29.44,74.0,40.0,4.1,US,1596307319.0,2.88,1.92,3.25,4.78,5.55,5.65
99,Alamosa,37.47,-105.87,24.0,27.0,1.0,2.6,US,1596307227.0,6.21,2.97,5.5,7.5,6.5,6.58
100,Dallas,32.77,-96.78,31.67,43.0,40.0,3.1,US,1596307349.0,4.09,2.75,4.23,6.01,6.27,6.28
101,Freeport,40.66,-73.58,31.11,54.0,90.0,3.6,US,1596307201.0,3.2,1.99,3.59,4.55,5.38,5.53
102,Sonoita,31.85,-112.83,37.78,33.0,0.0,3.58,MX,1596307479.0,,,,,,
103,Pierre,44.37,-100.35,27.0,47.0,20.0,5.7,US,1596307251.0,3.29,1.71,3.49,6.38,5.95,6.3
104,Rosarito,32.33,-117.03,34.44,61.0,5.0,3.1,MX,1596307187.0,,,,,,
105,Shaunavon,49.65,-108.42,25.74,38.0,15.0,5.4,CA,1596307479.0,,,,,,
106,Saratoga Springs,43.08,-73.78,31.11,47.0,100.0,1.89,US,1596307479.0,2.79,1.71,3.21,4.63,5.22,5.41
107,Chapleau,47.84,-83.4,26.0,44.0,75.0,3.1,CA,1596307480.0,,,,,,
108,Carlsbad,33.16,-117.35,26.11,73.0,40.0,4.1,US,1596307344.0,4.88,3.23,5.11,5.49,6.29,6.32
109,Bay Saint Louis,30.31,-89.33,32.22,62.0,40.0,3.1,US,1596307314.0,3.78,2.86,4.12,4.63,5.72,5.68
110,Orchard Homes,46.86,-114.05,30.56,37.0,1.0,0.42,US,1596307480.0,2.77,1.37,2.96,6.89,5.99,6.41
111,Eureka,40.8,-124.16,17.78,82.0,90.0,2.1,US,1596307480.0,2.64,1.76,3.05,4.19,5.23,5.34
112,La Unión,-5.4,-80.75,28.16,40.0,0.0,6.61,PE,1596307480.0,,,,,,
113,Winnemucca,40.97,-117.74,33.0,7.0,1.0,2.6,US,1596307481.0,4.04,2.09,4.0,8.99,7.13,7.4
114,Rodolfo Sánchez Taboada,31.72,-116.57,22.78,82.0,0.0,0.89,MX,1596307481.0,,,,,,
115,Saint-Gabriel,46.3,-73.38,28.89,6.0,18.0,2.28,CA,1596307481.0,,,,,,
116,Pontiac,42.64,-83.29,26.67,54.0,90.0,4.1,US,1596307481.0,2.2,1.6,2.78,4.35,5.2,5.35
117,Paris,48.85,2.35,27.22,50.0,20.0,4.1,FR,1596307372.0,,,,,,
118,Madison,34.73,-86.57,28.33,74.0,90.0,5.7,US,1596307206.0,3.34,2.35,3.67,4.67,5.71,5.73
119,Excelsior Springs,39.34,-94.23,27.78,44.0,40.0,4.1,US,1596307288.0,3.5,2.13,3.76,5.4,5.69,5.82
120,Fort Morgan,40.25,-103.8,32.0,18.0,40.0,2.1,US,1596307482.0,4.2,2.31,4.29,7.13,6.5,6.74
121,Lock Haven,41.14,-77.45,29.0,39.0,20.0,2.6,US,1596307482.0,2.98,1.9,3.4,3.89,5.05,5.15
122,Dickinson,29.46,-95.05,29.44,83.0,90.0,2.04,US,1596307482.0,3.47,2.8,3.92,4.75,5.76,5.68
123,Longview,32.5,-94.74,30.56,45.0,1.0,2.6,US,1596307482.0,3.8,2.63,3.98,5.67,6.17,6.17
124,Saint Augustine,29.89,-81.31,35.0,70.0,1.0,5.7,US,1596307482.0,4.79,3.29,4.86,4.49,5.61,5.57
125,La Santisima Trinidad,-14.83,-64.9,31.0,48.0,20.0,2.1,BO,1596307483.0,,,,,,
126,Mt. Pleasant,32.79,-79.86,35.56,63.0,1.0,6.7,US,1596307237.0,4.34,2.89,4.48,4.6,5.68,5.69
127,Green River,41.53,-109.47,29.0,17.0,1.0,3.1,US,1596307483.0,3.83,2.02,3.87,7.72,6.4,6.59
128,Peoria,40.77,-89.77,26.67,57.0,1.0,4.1,US,1596307368.0,2.58,1.78,3.05,4.9,5.44,5.6
129,Pendleton,45.67,-118.79,28.33,28.0,1.0,5.1,US,1596307483.0,2.12,1.25,2.43,7.58,6.45,6.94
130,Moctezuma,29.8,-109.67,34.87,45.0,0.0,0.93,MX,1596307483.0,,,,,,
131,Socorro,31.65,-106.3,34.0,33.0,5.0,2.3,US,1596307205.0,6.79,3.79,6.06,6.73,6.66,6.64
132,Eatonton,33.33,-83.39,35.56,49.0,22.0,0.89,US,1596307484.0,4.29,2.8,4.38,4.54,5.68,5.68
133,Mapimí,25.82,-103.85,29.44,51.0,75.0,3.1,MX,1596307484.0,,,,,,
134,Monclova,26.9,-101.42,29.0,51.0,40.0,3.42,MX,1596307484.0,,,,,,
135,North Bend,43.41,-124.22,24.44,82.0,40.0,4.1,US,1596307383.0,2.07,1.39,2.48,5.19,5.59,5.84
136,Manitouwadge,49.12,-85.84,20.0,68.0,75.0,2.1,CA,1596307484.0,,,,,,
137,Sunbury,-37.58,144.73,9.0,81.0,0.0,10.3,AU,1596307484.0,,,,,,
138,West Plains,36.73,-91.85,26.0,61.0,40.0,5.7,US,1596307484.0,3.43,2.28,3.74,5.53,5.97,6.06
139,Raton,36.9,-104.44,28.89,24.0,1.0,4.6,US,1596307485.0,5.94,2.94,5.33,6.92,6.4,6.49
140,Panabá,21.28,-88.27,33.88,51.0,2.0,3.93,MX,1596307485.0,,,,,,
141,Rawlins,41.79,-107.24,28.0,18.0,1.0,2.1,US,1596307485.0,3.29,1.81,3.4,7.36,6.35,6.56
142,Arrondissement de Clermont,49.5,2.42,24.0,50.0,7.0,5.7,FR,1596307485.0,,,,,,
143,Marquette,46.53,-87.63,26.11,55.0,0.0,1.34,US,1596307255.0,3.02,1.49,3.24,4.97,5.15,5.4
144,Natchitoches,31.77,-93.13,30.0,66.0,90.0,2.61,US,1596307485.0,3.6,2.61,3.85,5.12,5.98,5.97
145,Beatrice,40.27,-96.75,27.0,57.0,1.0,3.6,US,1596307220.0,3.6,2.1,3.82,5.66,5.83,6.0
146,Price,39.6,-110.81,32.0,13.0,1.0,4.1,US,1596307435.0,4.35,2.33,4.29,6.8,6.13,6.21
147,Albany,42.6,-73.97,32.78,35.0,90.0,0.95,US,1596307486.0,3.42,1.89,3.66,4.46,5.14,5.29
148,Sanford,28.8,-81.27,35.0,46.0,1.0,4.6,US,1596307371.0,4.93,3.45,4.99,4.39,5.55,5.48
149,Fort Smith,35.39,-94.4,29.44,39.0,1.0,3.6,US,1596307486.0,3.66,2.43,3.91,5.86,6.09,6.15
150,Morgan City,29.7,-91.21,32.78,66.0,75.0,3.1,US,1596307486.0,3.88,2.94,4.19,4.43,5.56,5.51
151,Winnipeg,49.88,-97.15,24.0,53.0,75.0,6.2,CA,1596307163.0,,,,,,
152,Susanville,40.42,-120.65,28.89,12.0,1.0,2.1,US,1596307486.0,4.16,2.18,4.12,9.13,7.22,7.49
153,Bolivar,37.61,-93.41,25.56,64.0,93.0,3.15,US,1596307371.0,3.27,2.2,3.65,5.58,5.91,6.01
154,Santa Rosalía,27.32,-112.28,30.68,61.0,15.0,2.58,MX,1596307487.0,,,,,,
155,Galt,38.25,-121.3,28.33,49.0,0.0,2.68,US,1596307487.0,2.28,1.92,3.01,8.14,7.14,7.37
156,Badiraguato,25.37,-107.52,35.56,66.0,0.0,0.45,MX,1596307487.0,,,,,,
157,Selma,36.57,-119.61,30.56,33.0,1.0,1.72,US,1596307487.0,2.35,2.1,3.17,8.18,7.21,7.37
158,San Fernando,15.03,120.69,26.0,94.0,90.0,1.5,PH,1596307487.0,,,,,,
159,Evanston,42.04,-87.69,26.67,61.0,20.0,4.1,US,1596307488.0,2.71,1.77,3.18,4.39,5.21,5.38
160,Ocean City,39.28,-74.57,30.56,58.0,1.0,3.6,US,1596307306.0,3.41,2.11,3.7,4.76,5.56,5.69
161,Wharton,29.31,-96.1,30.0,58.0,75.0,1.64,US,1596307257.0,3.51,2.8,3.92,4.93,5.88,5.81
162,Ardmore,34.17,-97.14,29.44,48.0,75.0,3.05,US,1596307488.0,4.25,2.71,4.33,6.19,6.26,6.29
163,Albert Lea,43.65,-93.37,27.0,47.0,40.0,0.96,US,1596307388.0,2.23,1.48,2.69,5.05,5.36,5.59
164,Rock Springs,41.59,-109.2,29.0,17.0,1.0,3.1,US,1596307488.0,3.87,2.04,3.92,7.56,6.33,6.52
165,Glendive,47.11,-104.71,27.22,57.0,40.0,2.6,US,1596307488.0,2.82,1.37,3.01,6.97,6.06,6.55
166,Fallon,39.47,-118.78,33.33,8.0,20.0,3.1,US,1596307489.0,4.81,2.42,4.56,9.26,7.27,7.48
167,Dubuque,42.48,-90.87,27.0,54.0,75.0,2.6,US,1596307364.0,2.42,1.58,2.83,4.92,5.35,5.53
168,Atikokan,48.76,-91.62,23.13,62.0,51.0,5.07,CA,1596307489.0,,,,,,
169,Oxford,51.75,-1.26,22.0,60.0,75.0,5.7,GB,1596307200.0,,,,,,
170,Progreso,21.28,-89.67,34.44,52.0,75.0,5.82,MX,1596307489.0,,,,,,
171,Salina,38.84,-97.61,28.33,51.0,1.0,2.6,US,1596307489.0,4.24,2.39,4.31,5.94,6.03,6.17
172,St. Marys,30.73,-81.55,34.44,84.0,1.0,6.2,US,1596307407.0,4.42,3.1,4.62,4.35,5.58,5.54
173,Alexandria,31.22,29.96,27.29,70.0,0.0,3.74,EG,1596307262.0,,,,,,
174,Terrace Bay,48.78,-87.1,20.0,68.0,75.0,2.1,CA,1596307490.0,,,,,,
175,Rodeo,38.03,-122.27,26.67,50.0,1.0,4.1,US,1596307490.0,2.59,2.09,3.32,6.73,6.73,6.95
176,Hibbing,47.43,-92.94,21.0,93.0,90.0,5.7,US,1596307490.0,2.58,1.35,2.91,5.01,5.17,5.47
177,Grand Forks,47.93,-97.03,24.0,50.0,40.0,9.3,US,1596307490.0,1.8,1.07,2.17,5.49,5.3,5.67
178,Flagstaff,35.2,-111.65,30.56,19.0,90.0,0.89,US,1596307204.0,6.48,3.18,5.58,6.31,5.86,5.81
179,Snyder,32.72,-100.92,30.0,40.0,40.0,2.63,US,1596307491.0,5.44,3.28,5.23,6.56,6.5,6.49
180,Douglas,41.3,-96.17,27.22,65.0,90.0,4.6,US,1596307288.0,3.24,1.94,3.55,5.28,5.61,5.79
181,Worland,44.02,-107.96,31.67,23.0,1.0,2.6,US,1596307227.0,2.75,1.58,3.06,7.43,6.41,6.78
182,Rock Hill,34.92,-81.03,33.33,55.0,20.0,5.1,US,1596307365.0,4.31,2.67,4.36,4.64,5.72,5.74
183,Williston,48.15,-103.62,26.67,35.0,0.0,0.89,US,1596307396.0,2.15,1.15,2.45,6.4,5.75,6.25
184,Ukiah,39.15,-123.21,30.0,32.0,1.0,1.5,US,1596307491.0,3.09,2.05,3.49,8.6,7.19,7.43
185,San Luis,-33.3,-66.34,22.02,25.0,0.0,8.2,AR,1596307491.0,,,,,,
186,,,,,,,,,,,,,,,
187,Appleton,44.26,-88.42,28.33,29.0,40.0,1.33,US,1596307492.0,2.33,1.48,2.78,4.77,5.22,5.45
188,Altona,53.55,9.93,24.44,68.0,100.0,5.7,DE,1596307492.0,,,,,,
189,Winslow,35.02,-110.7,36.0,12.0,1.0,4.6,US,1596307492.0,6.71,3.31,5.81,6.69,6.22,6.23
190,Acton,51.51,-0.28,24.0,49.0,76.0,6.2,GB,1596307492.0,,,,,,
191,Havelock,34.88,-76.9,34.0,67.0,40.0,6.2,US,1596307492.0,4.25,2.69,4.38,4.27,5.43,5.44
192,Billings Metropolitan Area,45.78,-108.5,30.0,39.0,20.0,3.1,US,1596307492.0,2.9,1.47,3.09,7.1,6.12,6.53
193,Mitchell,43.71,-98.03,26.0,57.0,75.0,8.2,US,1596307493.0,2.76,1.61,3.09,5.96,5.76,6.05
194,Sioux Lookout,50.1,-91.92,18.0,77.0,75.0,3.6,CA,1596307493.0,,,,,,
195,Sandpoint,48.28,-116.55,28.33,41.0,1.0,1.22,US,1596307271.0,1.98,1.03,2.19,7.12,5.99,6.47
196,Duluth,46.78,-92.11,27.0,51.0,40.0,3.1,US,1596307493.0,2.57,1.38,2.9,5.0,5.17,5.46
197,Redding,40.59,-122.39,32.78,21.0,1.0,2.1,US,1596307266.0,3.13,1.9,3.42,8.61,7.12,7.42
198,Brownwood,31.71,-98.99,33.0,29.0,40.0,3.6,US,1596307347.0,4.77,3.08,4.72,6.34,6.37,6.34
199,Coos Bay,43.37,-124.22,24.44,82.0,40.0,4.1,US,1596307421.0,2.12,1.4,2.51,5.37,5.58,5.82
200,Lehigh Acres,26.63,-81.62,36.11,46.0,1.0,7.7,US,1596307350.0,5.36,3.77,5.28,4.22,5.47,5.39
201,Callaway,30.15,-85.57,32.22,62.0,20.0,2.1,US,1596307494.0,4.39,3.12,4.58,4.07,5.35,5.3
202,North Myrtle Beach,33.82,-78.68,30.0,84.0,1.0,6.2,US,1596307494.0,4.34,2.81,4.46,4.54,5.62,5.63
203,Haileybury,47.45,-79.64,25.0,61.0,90.0,1.5,CA,1596307494.0,,,,,,
204,Wiarton,44.74,-81.13,25.56,73.0,75.0,2.6,CA,1596307494.0,,,,,,
205,Lexington Park,38.27,-76.45,31.0,66.0,75.0,3.6,US,1596307494.0,3.55,2.22,3.82,4.74,5.59,5.69
206,Scottsbluff,41.87,-103.67,28.89,34.0,1.0,4.6,US,1596307418.0,4.32,2.17,4.3,7.07,6.37,6.66
207,Florence,43.77,11.25,32.0,35.0,0.0,4.1,IT,1596307495.0,,,,,,
208,Benjamín Hill,30.17,-111.1,35.0,50.0,0.0,3.58,MX,1596307495.0,,,,,,
209,Torrington,41.8,-73.12,31.67,53.0,92.0,0.45,US,1596307381.0,3.2,1.94,3.59,4.31,5.16,5.29
210,Grand Island,40.92,-98.34,27.22,57.0,1.0,5.7,US,1596307370.0,3.61,2.04,3.79,5.91,5.89,6.08
211,Norwalk,33.9,-118.08,29.0,39.0,1.0,3.1,US,1596307495.0,4.34,3.05,4.81,6.64,6.88,6.98
212,Etchojoa,26.92,-109.63,35.56,50.0,0.0,4.92,MX,1596307496.0,,,,,,
213,Chapais,49.78,-74.85,25.0,53.0,90.0,1.5,CA,1596307496.0,,,,,,
214,Nassau,40.75,-73.58,31.67,54.0,90.0,3.6,US,1596307496.0,2.8,1.88,3.29,4.42,5.3,5.43
215,Benton Harbor,42.12,-86.45,25.0,57.0,1.0,1.5,US,1596307496.0,1.14,1.2,1.78,4.77,5.39,5.6
216,Athens,37.98,23.72,31.67,51.0,40.0,7.7,GR,1596307343.0,,,,,,
217,Parsons,37.34,-95.26,28.0,54.0,40.0,4.1,US,1596307232.0,3.51,2.27,3.8,5.91,6.04,6.14
218,Sydney,-33.87,151.21,8.89,87.0,59.0,3.1,AU,1596307204.0,,,,,,
219,Arkadelphia,34.12,-93.05,30.0,51.0,20.0,3.1,US,1596307497.0,3.49,2.43,3.76,5.64,6.1,6.15
220,Lexington,37.99,-84.48,27.0,88.0,1.0,5.1,US,1596307217.0,2.66,1.92,3.1,4.82,5.61,5.69
221,Sahuaripa,29.05,-109.23,35.01,50.0,0.0,1.79,MX,1596307497.0,,,,,,
222,Sunland Park,31.8,-106.58,34.44,27.0,1.0,2.55,US,1596307497.0,6.19,3.72,5.65,6.58,6.59,6.36
223,Salisbury,51.07,-1.8,20.0,59.0,0.0,7.2,GB,1596307497.0,,,,,,
224,Saint-Jérôme,45.78,-74.0,30.0,51.0,40.0,1.5,CA,1596307437.0,,,,,,
225,Burley,42.54,-113.79,31.0,25.0,1.0,4.1,US,1596307204.0,2.91,1.65,3.11,8.23,6.7,7.0
226,Lenoir City,35.8,-84.26,32.22,62.0,31.0,0.45,US,1596307498.0,3.37,2.32,3.71,4.9,5.84,5.9
227,Las Vegas,36.17,-115.14,42.0,6.0,1.0,2.6,US,1596307088.0,6.09,3.17,5.62,8.26,7.03,7.11
228,Redmond,47.67,-122.12,18.89,80.0,100.0,1.87,US,1596307317.0,1.17,0.95,1.68,5.91,5.38,5.73
229,Brigantine,39.41,-74.36,30.56,58.0,1.0,3.6,US,1596307490.0,3.23,2.04,3.57,4.74,5.54,5.67
230,Enid,36.4,-97.88,29.0,51.0,75.0,6.7,US,1596307498.0,4.29,2.61,4.39,6.17,6.19,6.28
231,Hilton Head,32.22,-80.75,35.0,70.0,40.0,5.1,US,1596307287.0,4.4,2.94,4.52,4.54,5.69,5.68
232,Jennings,38.72,-90.26,22.0,78.0,75.0,4.1,US,1596307499.0,3.11,2.04,3.47,5.18,5.65,5.76
233,Ellensburg,47.0,-120.55,25.0,29.0,1.0,11.8,US,1596307499.0,1.79,1.09,2.14,7.43,6.31,6.82
234,Barstow,34.9,-117.02,38.0,11.0,1.0,6.7,US,1596307435.0,6.56,3.4,5.89,9.01,7.31,7.34
235,Walla Walla,46.06,-118.34,28.89,26.0,1.0,4.6,US,1596307240.0,1.95,1.17,2.26,7.7,6.42,6.93
236,Warrington,53.39,-2.58,17.78,63.0,0.0,5.1,GB,1596307370.0,,,,,,
237,Chippewa Falls,44.94,-91.39,27.22,44.0,75.0,2.6,US,1596307499.0,2.39,1.46,2.8,4.87,5.2,5.44
238,Atlantic City,39.36,-74.42,30.56,58.0,1.0,3.6,US,1596307310.0,3.43,2.1,3.71,4.61,5.5,5.63
239,Littleton,39.61,-105.02,31.11,20.0,20.0,1.5,US,1596307301.0,5.0,2.5,4.75,5.77,5.63,5.71
240,Carnduff,49.17,-101.8,24.44,50.0,40.0,4.02,CA,1596307444.0,,,,,,
241,San Angelo,31.46,-100.44,34.0,28.0,1.0,1.5,US,1596307476.0,4.89,3.2,4.88,6.38,6.41,6.37
242,Lander,42.83,-108.73,28.0,23.0,1.0,2.6,US,1596307287.0,3.87,1.99,3.98,6.91,6.1,6.32
243,Newport,51.59,-3.0,18.89,70.0,13.0,0.89,GB,1596307250.0,,,,,,
244,Wilmington,34.23,-77.94,33.33,83.0,75.0,2.1,US,1596307451.0,4.22,2.74,4.38,4.13,5.36,5.35
245,Saint-Tite,46.73,-72.57,28.0,48.0,1.0,4.6,CA,1596307444.0,,,,,,
246,Iroquois Falls,48.77,-80.68,26.0,47.0,75.0,2.6,CA,1596307501.0,,,,,,
247,Blackfoot,43.19,-112.34,33.0,18.0,1.0,2.1,US,1596307501.0,2.24,1.39,2.51,7.9,6.63,6.96
248,Osoyoos,49.03,-119.45,33.0,28.0,40.0,3.6,CA,1596307501.0,,,,,,
249,Elizabeth City,36.29,-76.25,33.89,70.0,40.0,3.1,US,1596307501.0,4.62,2.59,4.43,4.73,5.59,5.64
250,Lavaca,28.61,-96.63,32.22,79.0,90.0,9.3,US,1596307501.0,3.28,2.78,3.82,5.19,6.06,5.98
251,Kingston,18.0,-76.79,32.0,75.0,40.0,6.2,JM,1596307349.0,,,,,,
252,Capreol,46.71,-80.92,26.67,47.0,75.0,1.0,CA,1596307502.0,,,,,,
253,Hermosillo,29.07,-110.97,36.11,44.0,40.0,1.5,MX,1596307502.0,,,,,,
254,Cumberland,35.05,-78.87,34.0,52.0,40.0,4.6,US,1596307502.0,4.25,2.66,4.34,4.42,5.54,5.56
255,Naples,40.83,14.25,28.0,54.0,40.0,5.1,IT,1596307502.0,,,,,,
256,West Fargo,46.88,-96.9,24.44,64.0,20.0,7.2,US,1596307305.0,1.88,1.19,2.3,5.67,5.45,5.81
257,Mountain Home,43.13,-115.69,33.0,17.0,40.0,1.5,US,1596307502.0,3.1,1.68,3.27,8.88,6.93,7.3
258,Onalaska,43.88,-91.24,28.0,37.0,75.0,2.6,US,1596307503.0,2.57,1.59,3.0,4.64,5.15,5.37
259,Healdsburg,38.61,-122.87,26.67,49.0,1.0,2.1,US,1596307503.0,2.93,2.08,3.46,7.46,6.88,7.14
260,West Mifflin,40.36,-79.87,26.0,74.0,75.0,3.6,US,1596307503.0,2.51,1.8,3.04,4.05,5.2,5.28
261,Fernley,39.61,-119.25,32.78,8.0,0.0,1.34,US,1596307360.0,4.82,2.42,4.59,9.06,7.18,7.4
262,Hermiston,45.84,-119.29,27.22,34.0,1.0,4.6,US,1596307503.0,1.97,1.26,2.41,8.26,6.61,7.14
263,Baldwin,30.75,-87.77,31.11,66.0,4.0,1.79,US,1596307503.0,3.88,2.87,4.18,4.22,5.45,5.4
264,Laurentides,46.43,-74.98,29.09,40.0,21.0,1.38,CA,1596307504.0,,,,,,
265,Weiser,44.25,-116.97,33.0,21.0,1.0,3.6,US,1596307504.0,2.1,1.25,2.34,8.35,6.74,7.16
266,Guadalupe y Calvo,26.1,-106.97,26.63,35.0,4.0,3.61,MX,1596307504.0,,,,,,
267,Villa Vicente Guerrero,19.12,-98.17,22.0,43.0,20.0,2.1,MX,1596307504.0,,,,,,
268,Fernie,49.5,-115.07,30.0,48.0,40.0,1.5,CA,1596307504.0,,,,,,
269,Roberval,48.52,-72.23,26.0,69.0,20.0,2.1,CA,1596307504.0,,,,,,
270,Mulegé,26.88,-111.98,33.59,49.0,49.0,3.7,MX,1596307505.0,,,,,,
271,Pacifica,37.61,-122.49,21.67,87.0,75.0,5.1,US,1596307505.0,2.71,2.17,3.45,3.57,5.11,5.09
272,Province of Mantua,45.17,10.78,31.67,70.0,0.0,4.98,IT,1596307505.0,,,,,,
273,Geraldton,-28.77,114.6,8.0,87.0,100.0,3.1,AU,1596307505.0,,,,,,
274,Markdale,44.32,-80.65,25.56,84.0,100.0,0.89,CA,1596307505.0,,,,,,
275,Raymond,43.9,-70.47,29.44,52.0,48.0,1.63,US,1596307505.0,3.1,1.72,3.41,4.9,5.25,5.48
276,Hearst,49.68,-83.67,27.81,34.0,99.0,2.24,CA,1596307506.0,,,,,,
277,Kingman,35.19,-114.05,39.0,13.0,1.0,9.3,US,1596307275.0,6.44,3.3,5.73,8.26,6.95,6.99
278,Thomaston,32.89,-84.33,31.67,58.0,40.0,3.6,US,1596307506.0,4.24,2.8,4.34,4.34,5.59,5.57
279,Mill Valley,37.91,-122.55,21.11,67.0,14.0,1.82,US,1596307506.0,2.93,2.14,3.5,7.17,6.87,7.09
280,Estelle,29.85,-90.11,33.89,66.0,75.0,1.5,US,1596307506.0,3.73,2.92,4.16,4.14,5.42,5.36
281,Malartic,48.13,-78.13,27.22,50.0,75.0,2.1,CA,1596307383.0,,,,,,
282,Laramie,41.31,-105.59,26.11,21.0,1.0,3.37,US,1596307275.0,3.61,1.93,3.65,6.3,5.78,5.89
283,Beckley,37.78,-81.19,30.0,65.0,75.0,3.6,US,1596307507.0,3.39,2.17,3.64,4.22,5.38,5.4
284,Ocampo,21.65,-101.5,22.76,46.0,0.0,4.66,MX,1596307507.0,,,,,,
285,Potsdam,52.4,13.07,26.67,40.0,99.0,2.39,DE,1596307507.0,,,,,,
286,Abilene,32.45,-99.73,32.0,38.0,1.0,1.5,US,1596307219.0,5.49,3.18,5.06,6.74,6.42,6.39
287,Camalú,30.85,-116.07,30.56,36.0,0.0,1.79,MX,1596307507.0,,,,,,
288,Odesa,46.48,30.73,21.0,52.0,0.0,3.0,UA,1596307342.0,,,,,,
289,Sooke,48.37,-123.73,22.22,82.0,40.0,4.1,CA,1596307508.0,,,,,,
290,Taos,36.41,-105.57,26.0,26.0,1.0,3.6,US,1596307508.0,6.35,3.07,5.55,7.07,6.33,6.37
291,Bend,44.06,-121.32,27.0,22.0,1.0,1.92,US,1596307266.0,3.45,1.74,3.55,8.26,6.63,7.03
292,Fredericksburg,38.3,-77.46,30.0,74.0,75.0,2.6,US,1596307317.0,3.69,2.25,3.89,4.5,5.49,5.57
293,Houma,29.6,-90.72,34.44,62.0,40.0,5.1,US,1596307508.0,3.94,3.02,4.3,4.12,5.39,5.33
294,Monterey,36.25,-121.25,30.56,60.0,1.0,4.1,US,1596307508.0,4.42,2.72,4.59,8.37,7.24,7.38
295,South Salt Lake,40.72,-111.89,36.67,14.0,20.0,3.55,US,1596307450.0,3.41,1.97,3.6,7.57,6.56,6.77
296,Killarney,52.05,-9.52,14.0,93.0,90.0,4.1,IE,1596307509.0,,,,,,
297,Arcata,40.87,-124.08,17.78,82.0,90.0,2.1,US,1596307509.0,2.6,1.74,3.02,4.11,5.19,5.31
298,California City,35.13,-117.99,37.78,9.0,1.0,5.1,US,1596307388.0,6.36,3.28,5.7,9.51,7.48,7.53
299,Rexburg,43.83,-111.79,32.22,32.0,1.0,2.1,US,1596307509.0,1.26,1.04,1.67,8.19,6.71,7.07
300,Liberal,37.04,-100.92,29.0,37.0,1.0,2.1,US,1596307225.0,5.07,2.76,4.88,6.61,6.35,6.45
301,Milford,41.22,-73.06,32.22,51.0,1.0,3.6,US,1596307254.0,3.16,1.95,3.56,4.51,5.33,5.49
302,Washington,47.5,-120.5,30.0,27.0,100.0,1.19,US,1596307509.0,2.49,1.32,2.83,7.15,6.23,6.74
303,Gainesville,29.65,-82.32,35.56,63.0,75.0,1.74,US,1596307318.0,4.62,3.26,4.76,4.05,5.36,5.31
304,East Moline,41.5,-90.44,27.0,47.0,1.0,4.1,US,1596307510.0,2.6,1.71,3.03,4.95,5.44,5.61
305,Cape Canaveral,28.41,-80.6,33.33,59.0,20.0,2.6,US,1596307510.0,5.08,3.5,5.06,5.17,5.96,5.9
306,Massena,44.93,-74.89,29.0,45.0,1.0,2.1,US,1596307325.0,2.25,1.4,2.66,5.18,5.27,5.5
307,Jasper,37.2,-94.35,28.0,48.0,40.0,4.6,US,1596307510.0,3.47,2.27,3.77,5.88,6.03,6.12
308,Chatham,51.38,0.53,22.78,61.0,35.0,1.79,GB,1596307510.0,,,,,,
309,Santa Catarina de Tepehuanes,25.35,-105.73,26.19,41.0,3.0,5.93,MX,1596307510.0,,,,,,
310,Cochrane,51.18,-114.47,22.78,64.0,1.0,6.7,CA,1596307511.0,,,,,,
311,Chillicothe,39.33,-82.98,29.44,65.0,75.0,2.6,US,1596307511.0,2.61,1.86,3.09,4.63,5.49,5.59
312,Lancaster,40.25,-76.25,31.11,43.0,90.0,2.1,US,1596307350.0,3.14,1.98,3.51,4.17,5.23,5.32
313,Texarkana,33.43,-94.05,29.0,48.0,1.0,4.1,US,1596307511.0,3.66,2.52,3.88,5.74,6.17,6.2
314,Mexico,15.06,120.72,25.56,94.0,90.0,2.1,PH,1596306833.0,,,,,,
315,Geneva,41.89,-88.31,25.0,78.0,75.0,1.5,US,1596307478.0,2.16,1.6,2.73,4.54,5.26,5.41
316,Springfield,37.22,-93.3,26.11,61.0,20.0,5.1,US,1596307376.0,3.42,2.27,3.76,5.48,5.88,5.98
317,Lapeer,43.05,-83.32,27.0,54.0,1.0,2.6,US,1596307512.0,1.8,1.42,2.39,4.42,5.22,5.38
318,Platteville,42.73,-90.48,25.56,57.0,40.0,2.6,US,1596307512.0,2.23,1.51,2.68,4.69,5.28,5.46
319,Shenandoah,30.4,-91.0,32.78,67.0,100.0,0.45,US,1596307512.0,3.6,2.77,3.97,4.63,5.71,5.67
320,Timmins,48.47,-81.33,26.0,47.0,75.0,2.6,CA,1596307512.0,,,,,,
321,Los Alamos,35.89,-106.31,28.33,27.0,1.0,1.5,US,1596307512.0,6.7,3.18,5.72,5.94,5.69,5.65
322,Cardston,49.2,-113.3,25.0,61.0,75.0,5.7,CA,1596307513.0,,,,,,
323,Taylor,32.3,-99.83,32.78,31.0,20.0,2.6,US,1596307309.0,5.03,3.15,4.92,6.15,6.27,6.24
324,Greenwood,34.17,-82.12,33.33,55.0,20.0,5.1,US,1596307513.0,4.26,2.73,4.36,4.82,5.83,5.86
325,Auburn,47.31,-122.23,18.89,77.0,90.0,2.1,US,1596307513.0,1.32,1.01,1.83,5.22,5.37,5.74
326,Klamath Falls,42.22,-121.78,27.78,38.0,1.0,2.1,US,1596307383.0,3.32,1.8,3.43,9.2,7.04,7.37
327,Wellington,-41.29,174.78,8.0,87.0,100.0,2.6,NZ,1596307513.0,,,,,,
328,Durham,36.03,-78.87,34.44,55.0,75.0,1.5,US,1596307409.0,4.2,2.57,4.29,4.39,5.51,5.55
329,Ledyard Center,41.44,-72.01,31.67,61.0,40.0,4.6,US,1596307514.0,3.12,1.91,3.51,4.37,5.25,5.4
330,Thunder Bay,48.4,-89.32,19.0,93.0,75.0,2.1,CA,1596307514.0,,,,,,
331,Toronto,43.7,-79.42,30.0,65.0,1.0,5.1,CA,1596306974.0,,,,,,
332,Sault Ste. Marie,46.52,-84.33,27.0,51.0,40.0,2.1,CA,1596307281.0,1.78,1.19,2.24,5.3,5.26,5.54
333,Moscow,55.75,37.62,17.78,100.0,100.0,2.0,RU,1596307301.0,,,,,,
334,Key West,24.56,-81.78,33.0,55.0,20.0,4.1,US,1596307373.0,4.66,3.91,5.19,5.34,6.05,5.91
335,Ahome,25.92,-109.18,33.33,46.0,40.0,2.1,MX,1596307514.0,,,,,,
336,Woodward,36.43,-99.39,31.67,37.0,40.0,3.1,US,1596307362.0,4.99,2.79,4.84,6.35,6.25,6.35
337,Valentín Gómez Farías,28.22,-106.58,29.87,24.0,6.0,7.35,MX,1596307515.0,,,,,,
338,Aransas Pass,27.91,-97.15,33.0,66.0,1.0,3.1,US,1596307515.0,3.53,2.95,4.03,5.62,6.29,6.2
339,Medford,42.33,-122.88,27.78,38.0,1.0,1.64,US,1596307456.0,2.54,1.69,3.03,8.32,6.84,7.2
340,Covington,39.08,-84.51,29.44,74.0,40.0,4.1,US,1596307458.0,2.96,1.95,3.31,4.78,5.55,5.65
341,Brighton,50.83,-0.14,20.0,77.0,20.0,8.2,GB,1596307515.0,,,,,,
342,Belen,36.49,36.22,29.0,66.0,0.0,5.7,TR,1596307515.0,,,,,,
343,Altamont,42.21,-121.74,27.78,38.0,1.0,2.1,US,1596307515.0,3.32,1.8,3.43,9.2,7.04,7.37
344,Spearfish,44.49,-103.86,25.0,50.0,76.0,1.34,US,1596307516.0,4.13,1.88,4.06,6.99,6.1,6.45
345,Holland,42.79,-86.11,26.11,60.0,1.0,3.1,US,1596307516.0,1.62,1.31,2.16,4.84,5.4,5.62
346,Lumberton,34.62,-79.01,34.0,59.0,1.0,2.6,US,1596307516.0,4.24,2.69,4.35,4.52,5.61,5.63
347,Middletown,39.52,-84.4,29.44,69.0,90.0,3.6,US,1596307516.0,2.82,1.93,3.27,4.79,5.55,5.67
348,Emporia,38.4,-96.18,28.0,48.0,1.0,3.6,US,1596307516.0,3.86,2.31,4.04,5.76,5.93,6.05
349,Madera,37.17,-119.83,35.0,17.0,0.0,0.89,US,1596307507.0,2.68,2.16,3.39,8.29,7.23,7.4
350,Saint-Michel-des-Saints,46.68,-73.92,28.33,6.0,100.0,0.9,CA,1596307517.0,,,,,,
351,Neosho,36.87,-94.37,27.78,52.0,26.0,1.79,US,1596307366.0,3.55,2.3,3.8,5.88,6.03,6.12
352,Cohoes,42.77,-73.7,31.67,43.0,97.0,1.36,US,1596307517.0,2.93,1.74,3.29,4.67,5.25,5.43
353,Seminole,28.71,-81.21,35.0,46.0,1.0,4.6,US,1596307517.0,4.93,3.45,4.99,4.39,5.55,5.48
354,Parkersburg,39.27,-81.56,30.0,74.0,90.0,1.5,US,1596307517.0,3.0,1.97,3.37,4.42,5.42,5.52
355,Rolla,37.95,-91.77,23.89,73.0,40.0,3.1,US,1596307517.0,3.38,2.18,3.68,5.4,5.77,5.86
356,Medicine Hat,50.05,-110.67,31.67,35.0,90.0,6.2,CA,1596307368.0,,,,,,
357,Riverton,40.52,-111.94,36.11,16.0,1.0,6.7,US,1596307306.0,2.84,1.82,3.18,7.27,6.44,6.61
358,Polson,47.69,-114.16,30.56,55.0,87.0,0.33,US,1596307518.0,1.83,1.01,2.07,6.64,5.91,6.36
359,Gatesville,31.44,-97.74,33.0,35.0,1.0,2.6,US,1596307518.0,4.31,2.9,4.37,6.2,6.33,6.3
360,Xenia,39.68,-83.93,28.33,65.0,75.0,3.6,US,1596307390.0,2.59,1.85,3.09,4.83,5.55,5.68
361,Jacksonville,30.33,-81.66,35.56,63.0,40.0,3.6,US,1596307459.0,4.62,3.2,4.75,4.22,5.5,5.45
362,Guymon,36.68,-101.48,29.0,39.0,1.0,4.1,US,1596307518.0,5.17,2.81,4.92,6.61,6.39,6.5
363,Alamogordo,32.9,-105.96,31.0,27.0,1.0,2.33,US,1596307236.0,6.91,3.65,6.04,6.32,6.37,6.36
364,Ferme-Neuve,46.7,-75.45,29.46,43.0,21.0,1.12,CA,1596307519.0,,,,,,
365,Olean,42.08,-78.43,25.0,61.0,75.0,2.1,US,1596307262.0,2.62,1.71,3.06,4.05,5.05,5.15
366,Constitución,-35.33,-72.42,12.54,91.0,100.0,7.92,CL,1596307519.0,,,,,,
367,Redlands,34.06,-117.18,38.33,10.0,5.0,3.74,US,1596307519.0,5.37,3.19,5.23,8.49,7.33,7.37
368,Safford,32.83,-109.71,36.0,23.0,1.0,2.1,US,1596307519.0,6.94,3.61,5.99,6.68,6.42,6.41
369,High Rock,26.62,-78.28,31.0,70.0,75.0,4.6,BS,1596307519.0,,,,,,
370,Rutland,43.62,-73.02,28.33,48.0,1.0,1.5,US,1596307519.0,3.07,1.72,3.37,4.49,5.11,5.28
371,Hastings,50.86,0.57,20.56,70.0,14.0,2.24,GB,1596307520.0,,,,,,
372,Morristown,36.21,-83.29,31.11,55.0,40.0,3.6,US,1596307520.0,3.53,2.33,3.8,4.73,5.77,5.82
373,Valley City,46.92,-98.0,23.0,56.0,40.0,6.7,US,1596307520.0,1.65,1.1,2.07,5.89,5.54,5.92
374,Weston,26.1,-80.4,33.33,59.0,20.0,10.3,US,1596307520.0,5.09,3.75,5.16,4.02,5.37,5.26
375,Cedar City,37.68,-113.06,35.0,8.0,1.0,5.1,US,1596307432.0,5.21,2.69,4.86,8.05,6.69,6.75
376,Oneonta,42.45,-75.06,28.33,44.0,89.0,0.89,US,1596307520.0,2.71,1.71,3.12,4.0,5.02,5.13
377,Dedham,42.24,-71.17,32.78,40.0,75.0,1.5,US,1596307308.0,3.08,1.87,3.5,4.52,5.27,5.46
378,Junction City,39.03,-96.83,27.0,51.0,1.0,3.1,US,1596307521.0,4.06,2.34,4.21,5.84,5.97,6.11
379,Batesville,35.77,-91.64,26.67,57.0,75.0,2.6,US,1596307521.0,3.43,2.3,3.7,5.37,5.94,6.01
380,Naica,27.85,-105.48,32.21,25.0,0.0,5.36,MX,1596307507.0,,,,,,
381,Oshkosh,44.02,-88.54,25.56,50.0,1.0,3.1,US,1596307447.0,2.14,1.42,2.59,4.55,5.15,5.37
382,Kuna,43.49,-116.42,30.0,23.0,1.0,2.6,US,1596307521.0,2.59,1.53,2.87,8.71,6.86,7.25
383,Mankato,44.16,-94.0,26.11,61.0,40.0,1.57,US,1596307426.0,2.28,1.45,2.7,5.07,5.31,5.54
384,Pflugerville,30.44,-97.62,34.44,46.0,20.0,3.6,US,1596307474.0,3.99,2.88,4.2,5.87,6.3,6.26
385,Superior,46.72,-92.1,27.0,57.0,75.0,3.1,US,1596307522.0,2.74,1.43,3.05,4.9,5.14,5.42
386,Campbell River,50.02,-125.24,21.0,64.0,40.0,1.0,CA,1596307522.0,,,,,,
387,Sheboygan,43.73,-87.93,26.11,65.0,20.0,3.6,US,1596307522.0,2.21,1.5,2.72,4.73,5.19,5.38
388,Belle Glade,26.68,-80.67,33.33,70.0,62.0,2.68,US,1596307522.0,5.22,3.71,5.18,4.4,5.57,5.48
389,South Sioux City,42.47,-96.41,25.0,73.0,75.0,6.2,US,1596307522.0,2.8,1.68,3.11,5.47,5.64,5.85
390,Alpena,45.06,-83.43,27.0,47.0,40.0,3.6,US,1596307522.0,2.23,1.4,2.65,5.13,5.27,5.49
391,Silver City,32.77,-108.28,31.0,22.0,75.0,2.54,US,1596307523.0,7.14,3.65,6.07,6.79,6.31,6.26
392,El Dorado,33.21,-92.67,28.0,61.0,40.0,2.1,US,1596307523.0,3.42,2.44,3.7,5.35,6.01,6.03
393,Aldine,29.93,-95.38,26.67,88.0,75.0,1.18,US,1596307523.0,3.59,2.77,3.94,4.77,5.78,5.72
394,Baie-Saint-Paul,47.44,-70.5,20.56,85.0,1.0,4.47,CA,1596307386.0,,,,,,
395,Exeter,50.72,-3.53,17.78,63.0,67.0,5.33,GB,1596307511.0,,,,,,
396,Hutchinson,38.06,-97.93,28.0,48.0,1.0,3.6,US,1596307373.0,4.41,2.5,4.44,6.2,6.19,6.33
397,Kendallville,41.44,-85.27,21.0,94.0,90.0,1.5,US,1596307523.0,1.93,1.54,2.53,4.43,5.29,5.43
398,Doctor Phillips,28.45,-81.49,35.56,52.0,20.0,2.6,US,1596307524.0,4.87,3.47,4.99,4.24,5.5,5.44
399,Steinbach am Taunus,50.17,8.57,32.22,42.0,20.0,1.5,DE,1596307524.0,,,,,,
400,Saint-Donat-de-Montcalm,46.32,-74.22,28.33,6.0,82.0,1.06,CA,1596307524.0,,,,,,
401,Mineral Wells,32.81,-98.11,32.22,43.0,1.0,4.1,US,1596307239.0,4.6,2.93,4.59,6.16,6.26,6.25
402,Ruston,32.52,-92.64,29.0,51.0,1.0,2.1,US,1596307524.0,3.6,2.55,3.84,5.18,5.96,5.97
403,Rumford,44.55,-70.55,27.22,62.0,100.0,0.45,US,1596307524.0,2.99,1.65,3.32,4.73,5.14,5.35
404,Nantucket,41.28,-70.1,25.0,78.0,1.0,3.6,US,1596307514.0,2.32,1.73,2.94,4.39,5.31,5.46
405,Beacon,41.5,-73.97,33.33,40.0,40.0,1.54,US,1596307525.0,3.09,1.92,3.51,4.33,5.19,5.32
406,Fishers,39.96,-86.01,23.33,100.0,90.0,3.1,US,1596307525.0,2.78,1.88,3.22,4.63,5.44,5.56
407,Carlisle,40.2,-77.19,31.11,50.0,99.0,0.45,US,1596307525.0,3.21,2.0,3.56,4.29,5.27,5.36
408,Chihuahua,28.5,-106.0,30.0,37.0,40.0,1.5,MX,1596307459.0,,,,,,
409,Mount Vernon,40.91,-73.84,32.22,45.0,75.0,5.1,US,1596307525.0,3.28,2.0,3.64,4.33,5.23,5.36
410,Piney Green,34.72,-77.32,34.0,59.0,20.0,4.1,US,1596307525.0,4.05,2.65,4.27,4.34,5.47,5.49
411,Swift Current,50.28,-107.8,25.0,36.0,1.0,4.6,CA,1596307526.0,,,,,,
412,Keokuk,40.4,-91.38,26.0,65.0,40.0,2.1,US,1596307526.0,2.81,1.84,3.21,5.08,5.54,5.69
413,Sinaloa,25.0,-107.5,35.56,66.0,100.0,0.45,MX,1596307505.0,,,,,,
414,Brownsville,25.9,-97.5,32.22,62.0,90.0,3.6,US,1596307526.0,3.27,3.04,3.98,5.18,6.12,5.99
415,Valle de Allende,26.93,-105.4,28.84,36.0,0.0,5.47,MX,1596307526.0,,,,,,
416,Hays,30.05,-98.03,32.78,58.0,100.0,2.68,US,1596307526.0,4.15,2.92,4.25,5.71,6.22,6.15
417,Show Low,34.25,-110.03,32.0,30.0,1.0,7.7,US,1596307525.0,6.72,3.31,5.72,6.1,5.84,5.81
418,Coronado,32.69,-117.18,24.44,82.0,90.0,2.6,US,1596307527.0,5.0,3.29,5.15,6.18,6.58,6.61
419,Panama City,8.99,-79.52,33.33,62.0,20.0,3.6,PA,1596307527.0,,,,,,
420,Tallahassee,30.44,-84.28,34.44,55.0,40.0,3.6,US,1596307382.0,4.49,3.06,4.53,4.98,5.6,5.54
421,Praxédis Guerrero,31.37,-106.02,34.0,33.0,5.0,1.59,MX,1596307527.0,6.79,3.81,5.8,6.34,6.49,6.24
422,Cosalá,24.41,-106.69,34.62,42.0,90.0,2.4,MX,1596307527.0,,,,,,
423,Spring Valley,36.11,-115.25,42.78,1.0,1.0,5.7,US,1596307527.0,6.12,3.17,5.62,8.29,7.03,7.1
424,Uniontown,39.9,-79.72,28.0,65.0,40.0,1.79,US,1596307406.0,2.47,1.8,2.99,3.99,5.19,5.26
425,Fort Frances,48.6,-93.4,24.0,57.0,20.0,4.6,CA,1596307528.0,2.32,1.22,2.67,5.06,5.06,5.38
426,Gonzales,30.24,-90.92,32.78,55.0,100.0,2.1,US,1596307528.0,3.74,2.82,4.05,4.58,5.69,5.64
427,Americus,32.07,-84.23,31.0,62.0,40.0,2.6,US,1596307528.0,4.3,2.9,4.42,4.31,5.56,5.54
428,Stevens Point,44.52,-89.57,25.0,53.0,90.0,2.6,US,1596307528.0,2.78,1.57,3.11,4.71,5.18,5.4
429,West Wendover,40.74,-114.07,33.0,11.0,1.0,3.1,US,1596307528.0,4.43,2.23,4.22,8.1,6.72,6.92
430,Jiménez,28.33,-105.4,30.0,37.0,40.0,1.5,MX,1596307528.0,,,,,,
431,Enumclaw,47.2,-121.99,18.89,82.0,98.0,0.45,US,1596307528.0,1.63,1.07,2.04,4.68,5.0,5.26
432,Ottumwa,41.02,-92.41,27.22,51.0,1.0,2.6,US,1596307457.0,2.9,1.85,3.29,4.96,5.42,5.57
433,Aventura,25.96,-80.14,33.0,88.0,75.0,8.7,US,1596307486.0,5.11,3.77,5.18,4.44,5.7,5.6
434,Lindsay,36.2,-119.09,31.67,30.0,1.0,2.6,US,1596307529.0,2.66,2.24,3.43,8.25,7.27,7.41
435,Mandan,46.83,-100.89,26.0,44.0,75.0,5.7,US,1596307529.0,1.82,1.21,2.33,6.18,5.68,6.1
436,Aberdeen,57.14,-2.1,13.33,93.0,81.0,2.6,GB,1596307311.0,,,,,,
437,Waverly,42.74,-84.62,24.0,69.0,20.0,3.1,US,1596307529.0,2.07,1.5,2.61,4.48,5.24,5.42
438,Waxahachie,32.39,-96.85,31.67,45.0,40.0,2.1,US,1596307414.0,4.26,2.82,4.32,6.04,6.28,6.27
439,Conyers,33.67,-84.02,33.33,55.0,13.0,0.45,US,1596307276.0,4.29,2.76,4.35,4.45,5.64,5.64
440,Lake Havasu City,34.48,-114.32,40.56,17.0,1.0,7.7,US,1596307418.0,5.95,3.3,5.57,7.59,6.87,6.91
441,Marion,39.77,-86.16,23.89,78.0,90.0,2.6,US,1596307500.0,2.89,1.91,3.28,4.64,5.46,5.58
442,Great Falls,47.5,-111.3,30.56,32.0,1.0,4.1,US,1596307530.0,3.08,1.37,3.15,6.82,5.95,6.42
443,Okmulgee,35.62,-95.96,28.0,54.0,75.0,2.34,US,1596307530.0,3.91,2.5,4.09,6.07,6.16,6.23
444,Empalme,27.97,-110.82,33.0,66.0,40.0,5.1,MX,1596307530.0,,,,,,
445,Carroll,39.55,-77.02,30.56,57.0,97.0,0.45,US,1596307530.0,3.17,2.01,3.51,4.43,5.41,5.5
446,Columbia,34.0,-81.03,35.0,52.0,20.0,4.6,US,1596307531.0,4.22,2.76,4.39,4.48,5.66,5.67
447,Powell River,49.85,-124.54,22.0,64.0,75.0,3.6,CA,1596307531.0,,,,,,
448,Battle Creek,42.32,-85.18,26.0,61.0,75.0,4.1,US,1596307325.0,2.22,1.59,2.76,4.36,5.2,5.36
449,Astoria,46.19,-123.83,17.78,88.0,90.0,2.6,US,1596307352.0,1.58,1.1,2.01,4.15,4.93,5.16
450,Tucumcari,35.17,-103.72,30.0,30.0,1.0,3.6,US,1596307531.0,5.9,3.18,5.44,7.03,6.7,6.77
451,Lockhart,28.62,-81.44,35.56,41.0,1.0,2.6,US,1596307531.0,4.99,3.49,5.04,4.22,5.48,5.42
452,East Chicago,41.64,-87.45,25.0,74.0,75.0,2.6,US,1596307531.0,2.33,1.69,2.9,4.23,5.18,5.32
453,Preston,53.77,-2.72,16.11,72.0,20.0,6.2,GB,1596307341.0,,,,,,
454,Storm Lake,42.64,-95.21,26.0,65.0,95.0,3.6,US,1596307532.0,2.66,1.6,2.97,5.26,5.53,5.72
455,Chino Valley,34.76,-112.45,35.56,27.0,0.0,1.79,US,1596307532.0,6.54,3.32,5.73,6.84,6.24,6.22
456,Clarksburg,39.28,-80.34,30.0,58.0,40.0,2.6,US,1596307505.0,2.71,1.87,3.13,4.16,5.32,5.4
457,Haverhill,42.78,-71.08,32.22,48.0,40.0,2.59,US,1596307532.0,3.13,1.86,3.54,4.62,5.28,5.47
458,Roswell,34.02,-84.36,32.22,55.0,40.0,6.2,US,1596307469.0,3.97,2.63,4.13,4.41,5.64,5.64
459,Fort Wayne,41.13,-85.13,21.0,88.0,90.0,3.1,US,1596307274.0,2.24,1.68,2.82,4.4,5.28,5.42
460,Green Valley,31.85,-110.99,37.0,20.0,1.0,4.17,US,1596307533.0,7.02,3.73,6.07,6.21,6.13,6.09
461,Muskegon,43.3,-86.13,26.0,53.0,1.0,0.59,US,1596307399.0,1.97,1.43,2.49,4.78,5.31,5.53
462,Napanee,44.25,-76.95,31.11,65.0,75.0,5.1,CA,1596307256.0,,,,,,
463,Pecos,31.42,-103.49,34.0,30.0,40.0,2.7,US,1596307533.0,5.87,3.57,5.56,6.75,6.65,6.61
464,Siloam Springs,36.19,-94.54,27.0,57.0,20.0,5.7,US,1596307316.0,3.8,2.4,3.96,5.98,6.08,6.15
465,Lafayette,30.23,-92.07,29.44,74.0,1.0,3.1,US,1596307391.0,3.62,2.78,3.97,4.54,5.65,5.6
466,Grafton,42.21,-71.69,32.78,37.0,1.0,3.1,US,1596307533.0,2.98,1.86,3.45,4.41,5.21,5.38
467,Evans,33.53,-82.13,35.56,41.0,1.0,4.1,US,1596307534.0,4.22,2.78,4.36,4.49,5.69,5.7
468,Saint Simons,31.14,-81.39,33.33,70.0,1.0,6.2,US,1596307534.0,4.46,3.09,4.64,4.74,5.81,5.8
469,State College,40.79,-77.86,26.67,61.0,90.0,1.39,US,1596307310.0,2.56,1.84,3.15,3.95,5.08,5.15
470,Brookhaven,31.58,-90.44,27.78,86.0,100.0,2.47,US,1596307534.0,3.62,2.63,3.86,4.79,5.84,5.82
471,Bay City,43.59,-83.89,26.67,54.0,1.0,3.6,US,1596307354.0,1.94,1.37,2.42,4.73,5.32,5.52
472,Brainerd,46.36,-94.2,26.0,57.0,20.0,8.2,US,1596307534.0,2.89,1.51,3.21,5.28,5.33,5.62
473,Hot Springs,34.5,-93.06,30.0,51.0,20.0,3.1,US,1596307301.0,3.48,2.4,3.75,5.36,5.94,5.98
474,Rapid Valley,44.06,-103.15,26.11,50.0,40.0,4.1,US,1596307535.0,4.09,1.94,4.11,6.83,6.1,6.45
475,Vidalia,32.22,-82.41,35.0,32.0,1.0,6.2,US,1596307244.0,4.2,2.86,4.36,4.54,5.71,5.7
476,Provo,40.23,-111.66,36.11,21.0,20.0,1.5,US,1596307535.0,3.15,1.92,3.38,7.9,6.65,6.84
477,Drexel Heights,32.14,-111.03,38.33,20.0,1.0,4.47,US,1596307535.0,6.92,3.68,6.02,6.58,6.37,6.35
478,Powell,40.16,-83.08,28.89,74.0,75.0,4.1,US,1596307535.0,2.34,1.75,2.9,4.46,5.37,5.48
479,Port Hueneme,34.15,-119.2,26.67,72.0,1.0,4.1,US,1596307536.0,4.54,3.06,4.9,5.72,6.35,6.4
480,Beaupré,47.04,-70.9,27.78,57.0,40.0,2.1,CA,1596307536.0,,,,,,
481,Huntingdon,52.33,-0.19,23.33,63.0,26.0,0.45,GB,1596307536.0,,,,,,
482,Myrtle Beach,33.69,-78.89,31.11,84.0,1.0,7.7,US,1596307536.0,3.98,2.73,4.27,4.53,5.62,5.64
483,New Kensington,40.57,-79.76,26.0,74.0,75.0,3.6,US,1596307536.0,2.61,1.81,3.1,4.14,5.23,5.33
484,Indianola,41.36,-93.56,28.0,42.0,40.0,2.4,US,1596307537.0,2.7,1.75,3.11,5.17,5.52,5.69
485,Dumas,35.87,-101.97,31.11,37.0,1.0,2.6,US,1596307537.0,5.55,3.01,5.2,6.57,6.46,6.54
486,Dunmore Town,25.5,-76.65,28.87,78.0,100.0,16.48,BS,1596307537.0,,,,,,
487,Papillion,41.15,-96.04,28.33,65.0,90.0,4.6,US,1596307451.0,3.1,1.9,3.45,5.34,5.65,5.84
488,Wawa,9.9,4.42,25.35,81.0,6.0,1.54,NG,1596307537.0,,,,,,
489,North Haven,41.39,-72.86,32.78,31.0,20.0,1.99,US,1596307537.0,3.16,1.95,3.57,4.45,5.29,5.44
490,Boone,39.03,-92.33,27.0,61.0,40.0,3.1,US,1596307537.0,3.46,2.13,3.72,5.35,5.67,5.78
491,Milverton,43.57,-80.92,28.33,39.0,1.0,5.1,CA,1596307325.0,,,,,,
492,Glenwood Springs,39.55,-107.32,30.56,24.0,40.0,3.1,US,1596307409.0,3.78,2.11,3.8,6.65,6.05,6.16
493,Lebanon,36.21,-86.29,25.56,83.0,75.0,6.7,US,1596307295.0,3.04,2.17,3.44,4.75,5.67,5.72
494,Jackson,42.42,-122.83,27.78,38.0,1.0,1.39,US,1596307500.0,2.47,1.66,2.96,8.35,6.84,7.21
495,Hornepayne,49.21,-84.77,27.6,37.0,100.0,1.45,CA,1596307538.0,,,,,,
496,Maryville,35.76,-83.97,31.11,65.0,75.0,6.7,US,1596307538.0,3.46,2.36,3.78,4.64,5.78,5.83
497,Summerville,33.02,-80.18,36.0,66.0,40.0,3.16,US,1596307283.0,4.3,2.84,4.43,4.1,5.4,5.38
498,Corsicana,32.1,-96.47,31.11,58.0,75.0,2.6,US,1596307539.0,4.07,2.77,4.19,5.93,6.26,6.25
499,Spokane,47.62,-117.37,28.89,32.0,1.0,2.1,US,1596307520.0,2.34,1.17,2.54,7.55,6.23,6.76
500,Sturgeon Bay,44.83,-87.38,25.0,61.0,75.0,2.1,US,1596307539.0,1.72,1.29,2.27,4.93,5.28,5.53
501,Norwood,42.19,-71.2,32.78,40.0,75.0,1.5,US,1596307509.0,3.2,1.91,3.59,4.43,5.23,5.4
502,Trois-Rivières,46.35,-72.55,28.0,48.0,1.0,4.6,CA,1596307529.0,,,,,,
503,Fernandina Beach,30.67,-81.46,34.44,84.0,1.0,6.2,US,1596307451.0,4.49,3.14,4.67,4.58,5.72,5.7
504,Ruidoso,33.33,-105.67,27.22,29.0,1.0,2.1,US,1596307540.0,6.85,3.53,5.91,5.38,5.46,5.36
505,Rockport,28.02,-97.05,33.0,59.0,1.0,4.6,US,1596307540.0,3.53,2.94,4.03,5.49,6.25,6.17
506,Nampa,43.54,-116.56,30.56,23.0,1.0,2.6,US,1596307540.0,2.51,1.5,2.81,8.43,6.79,7.18
507,Point Pleasant,40.08,-74.07,31.67,48.0,1.0,4.1,US,1596307540.0,3.09,2.0,3.52,4.45,5.36,5.48
508,Hayden,47.77,-116.79,27.22,34.0,1.0,2.6,US,1596307540.0,2.13,1.11,2.36,7.3,6.11,6.6
509,Palm Valley,30.18,-81.39,35.56,50.0,14.0,1.34,US,1596307540.0,4.72,3.26,4.82,4.6,5.69,5.66
510,Marshfield,44.67,-90.17,28.33,53.0,90.0,1.09,US,1596307540.0,2.38,1.47,2.8,4.95,5.27,5.51
511,Sheridan,44.83,-106.92,32.0,24.0,1.0,4.6,US,1596307541.0,2.45,1.39,2.73,6.78,5.98,6.31
512,Sunrise Manor,36.21,-115.07,42.0,5.0,1.0,6.2,US,1596307351.0,5.92,3.14,5.55,7.97,6.97,7.06
513,Northampton,40.88,-75.25,31.67,60.0,100.0,1.61,US,1596307275.0,3.19,1.99,3.6,4.19,5.15,5.24
514,Hope,33.67,-93.59,30.56,52.0,78.0,0.89,US,1596307541.0,3.55,2.46,3.79,5.57,6.09,6.12
515,Lewiston,44.1,-70.21,29.44,51.0,20.0,1.5,US,1596307483.0,2.87,1.68,3.29,5.0,5.28,5.51
516,Coburg,50.27,10.97,28.33,40.0,100.0,0.89,DE,1596307538.0,,,,,,
517,Saint-Felix-de-Valois,46.17,-73.43,28.89,6.0,10.0,2.19,CA,1596307541.0,,,,,,
518,Port Alberni,49.24,-124.8,23.89,64.0,90.0,1.48,CA,1596307541.0,,,,,,
519,Santa Isabel,-23.32,-46.22,23.0,46.0,40.0,2.1,BR,1596307542.0,,,,,,
520,Senneterre,48.38,-77.23,26.0,50.0,75.0,2.1,CA,1596307542.0,,,,,,
521,Helena,46.59,-112.04,30.0,32.0,1.0,2.1,US,1596307259.0,3.36,1.53,3.43,6.83,5.92,6.3
522,Magalia,39.81,-121.58,31.11,32.0,5.0,2.6,US,1596307542.0,3.27,1.99,3.53,9.06,7.28,7.54
523,Westerville,40.13,-82.93,28.89,74.0,75.0,4.1,US,1596307542.0,2.4,1.77,2.95,4.41,5.34,5.44
524,Anderson,34.53,-82.65,32.78,52.0,20.0,3.6,US,1596307542.0,4.47,2.75,4.48,4.77,5.83,5.85
525,Fairmont,39.49,-80.14,30.0,58.0,40.0,2.6,US,1596307543.0,2.67,1.85,3.1,4.14,5.3,5.39
526,Kerrville,30.05,-99.14,33.0,43.0,100.0,1.5,US,1596307543.0,4.42,3.06,4.47,5.93,6.24,6.17
527,Jerome,42.72,-114.52,34.44,28.0,1.0,2.1,US,1596307543.0,3.1,1.68,3.23,8.65,6.88,7.22
528,Bardstown,37.81,-85.47,27.78,69.0,40.0,3.1,US,1596307543.0,2.72,1.95,3.16,4.93,5.69,5.78
529,Pembroke,45.82,-77.12,28.89,57.0,1.0,1.18,CA,1596307390.0,,,,,,
530,Wahpeton,46.27,-96.61,23.33,64.0,40.0,6.7,US,1596307543.0,1.82,1.21,2.27,5.78,5.53,5.87
531,Sebastian,35.17,-94.27,29.0,39.0,1.0,3.6,US,1596307544.0,3.76,2.46,3.95,5.69,6.0,6.04
532,Sturgis,41.8,-85.42,25.0,73.0,90.0,2.1,US,1596307425.0,1.92,1.49,2.48,4.35,5.23,5.37
533,Berea,41.37,-81.85,24.44,83.0,90.0,3.1,US,1596307544.0,2.37,1.7,2.92,4.49,5.29,5.41
534,Marshall,34.38,-86.33,30.0,51.0,75.0,6.2,US,1596307544.0,3.28,2.37,3.65,4.65,5.71,5.73
535,Erie,42.77,-78.67,31.0,35.0,75.0,3.6,US,1596307544.0,2.36,1.57,2.82,4.41,5.12,5.25
536,Rochester,43.15,-77.62,30.0,39.0,75.0,4.1,US,1596307459.0,2.46,1.58,2.9,4.84,5.27,5.43
537,San Ignacio Río Muerto,27.42,-110.23,34.0,46.0,75.0,4.1,MX,1596307544.0,,,,,,
538,Denison,33.76,-96.54,30.56,45.0,40.0,2.1,US,1596307328.0,4.16,2.68,4.24,6.03,6.2,6.22
539,Weyburn,49.67,-103.85,25.0,40.0,0.0,2.68,CA,1596307545.0,,,,,,
540,Danville,36.59,-79.39,31.11,58.0,40.0,2.8,US,1596307253.0,4.18,2.53,4.27,4.46,5.55,5.6
541,Álamos,27.02,-108.93,35.56,50.0,0.0,4.92,MX,1596307505.0,,,,,,
542,Angola,-12.5,18.5,16.33,43.0,0.0,1.5,AO,1596307545.0,,,,,,
543,Bluefield,37.27,-81.22,27.78,61.0,40.0,4.1,US,1596307545.0,3.7,2.24,3.78,3.88,5.26,5.26
544,Laredo,27.51,-99.51,31.0,58.0,1.0,2.1,US,1596307533.0,4.08,3.19,4.39,6.49,6.55,6.43
545,Gillette,44.29,-105.5,28.0,24.0,1.0,1.5,US,1596307522.0,3.14,1.61,3.27,7.29,6.3,6.67
546,New Iberia,30.0,-91.82,29.0,70.0,1.0,3.1,US,1596307546.0,3.8,2.88,4.13,4.49,5.62,5.57
547,Petawawa,45.9,-77.33,29.44,57.0,1.0,0.79,CA,1596307546.0,,,,,,
548,Kapuskasing,49.42,-82.43,27.0,47.0,75.0,2.6,CA,1596307325.0,,,,,,
549,Saint George,37.1,-113.58,40.0,16.0,1.0,3.1,US,1596307541.0,5.96,3.03,5.48,8.06,6.88,6.98
550,Porterville,36.07,-119.02,30.56,30.0,1.0,2.6,US,1596307546.0,2.66,2.26,3.44,8.22,7.27,7.41
551,Fort Dodge,42.5,-94.17,27.0,54.0,90.0,1.5,US,1596307396.0,2.84,1.69,3.16,5.18,5.49,5.68
552,Cleveland,41.5,-81.7,24.44,78.0,90.0,2.1,US,1596307547.0,1.93,1.54,2.54,4.46,5.28,5.42
553,Brandon,27.94,-82.29,35.56,52.0,40.0,3.1,US,1596307547.0,5.14,3.6,5.14,4.23,5.45,5.37
554,Glendale,33.54,-112.19,40.0,35.0,20.0,4.1,US,1596307547.0,6.35,3.48,5.79,7.37,6.84,6.87
555,Salaberry-de-Valleyfield,45.25,-74.13,28.89,51.0,20.0,2.1,CA,1596307547.0,,,,,,
556,Valdosta,30.83,-83.28,33.33,55.0,1.0,3.1,US,1596307507.0,4.22,2.99,4.43,4.38,5.6,5.57
557,Livingston,55.9,-3.52,16.67,72.0,20.0,2.6,GB,1596307547.0,,,,,,
558,Tahlequah,35.92,-94.97,28.33,54.0,75.0,3.1,US,1596307532.0,3.88,2.45,4.03,5.99,6.09,6.16
559,Boulder City,35.98,-114.83,41.11,8.0,1.0,6.7,US,1596307548.0,6.22,3.21,5.68,8.19,6.94,7.01
560,Bemidji,47.47,-94.88,23.89,60.0,40.0,6.2,US,1596307548.0,2.51,1.32,2.84,5.32,5.26,5.59
561,Deep River,46.1,-77.5,28.89,57.0,1.0,1.3,CA,1596307543.0,,,,,,
562,Sunnyside,46.32,-120.01,28.89,52.0,1.0,1.33,US,1596307548.0,2.34,1.28,2.6,8.09,6.57,7.11
563,Arteaga,18.47,-102.42,28.65,47.0,0.0,1.63,MX,1596307548.0,,,,,,
564,North Bay,46.32,-79.47,27.78,39.0,75.0,1.5,CA,1596307549.0,,,,,,
565,Roseburg,43.22,-123.34,25.0,49.0,1.0,2.1,US,1596307549.0,1.83,1.39,2.37,7.42,6.37,6.72
566,Radcliff,37.84,-85.95,28.33,78.0,75.0,5.7,US,1596307549.0,2.79,1.98,3.22,5.09,5.74,5.84
567,Bluffton,32.24,-80.86,34.44,70.0,40.0,5.1,US,1596307549.0,4.39,2.94,4.52,4.31,5.53,5.51
568,Gananoque,44.33,-76.17,30.0,62.0,72.0,2.68,CA,1596307549.0,2.02,1.39,2.52,5.09,5.28,5.49
569,Elko,41.0,-115.5,33.33,8.0,1.0,1.5,US,1596307549.0,3.61,2.04,3.77,8.89,6.98,7.22
570,South Venice,27.05,-82.42,35.0,46.0,20.0,5.7,US,1596307550.0,5.56,3.82,5.4,4.97,5.89,5.82
571,Pincher Creek,49.48,-113.95,23.33,64.0,1.0,3.6,CA,1596307550.0,,,,,,
572,Camden,39.78,-74.97,32.78,50.0,98.0,2.48,US,1596307550.0,3.39,2.08,3.69,4.29,5.3,5.39
573,García,25.82,-100.58,27.78,61.0,75.0,7.2,MX,1596307550.0,,,,,,
574,Bismarck,46.81,-100.78,26.0,36.0,40.0,8.2,US,1596307511.0,1.97,1.27,2.47,6.18,5.67,6.08
575,Boulder,40.08,-105.35,30.56,20.0,1.0,2.1,US,1596307550.0,4.7,2.39,4.54,5.44,5.32,5.35
576,Black Forest,39.01,-104.7,27.22,22.0,1.0,2.1,US,1596307551.0,5.59,2.7,5.15,6.56,6.11,6.25
577,Kalispell,48.2,-114.31,27.22,47.0,1.0,3.6,US,1596307551.0,2.35,1.12,2.49,6.56,5.77,6.18
578,Taylorville,39.55,-89.29,21.67,88.0,90.0,4.1,US,1596307488.0,2.81,1.89,3.22,5.19,5.63,5.76
579,,,,,,,,,,,,,,,
580,Dzilam González,21.28,-88.93,33.23,52.0,0.0,3.33,MX,1596307551.0,,,,,,
581,Lincoln,40.8,-96.67,28.0,54.0,40.0,4.6,US,1596307332.0,3.54,2.07,3.79,5.5,5.75,5.94
582,Portland,45.52,-122.68,22.22,72.0,75.0,2.1,US,1596307308.0,1.54,1.16,2.05,5.49,5.55,5.87
583,Cave Spring,37.23,-80.01,28.89,74.0,40.0,3.1,US,1596307552.0,3.99,2.44,4.15,4.28,5.41,5.44
584,Amherst Center,42.38,-72.52,32.22,40.0,80.0,1.34,US,1596307552.0,2.62,1.76,3.17,4.31,5.19,5.37
585,Atascocita,30.0,-95.18,26.67,88.0,75.0,1.87,US,1596307269.0,3.44,2.71,3.84,4.85,5.81,5.76
586,Austin,30.27,-97.74,34.44,46.0,75.0,5.15,US,1596307285.0,4.02,2.87,4.18,5.98,6.34,6.29
587,Batavia,41.85,-88.31,25.0,78.0,75.0,1.5,US,1596307430.0,2.16,1.6,2.73,4.54,5.26,5.41
588,Gull Lake,50.1,-108.48,25.0,36.0,1.0,4.6,CA,1596307533.0,,,,,,
589,Clive,41.6,-93.72,28.0,42.0,40.0,2.42,US,1596307552.0,2.83,1.78,3.21,5.12,5.5,5.67
590,Sherman,33.64,-96.61,30.56,45.0,40.0,2.1,US,1596307392.0,4.26,2.73,4.32,5.97,6.19,6.21
591,Loreto,22.27,-101.97,25.23,36.0,0.0,3.92,MX,1596307553.0,,,,,,
592,Canyon Lake,29.88,-98.26,32.78,66.0,100.0,2.68,US,1596307553.0,4.04,2.91,4.19,5.68,6.19,6.12
593,Amos,48.57,-78.12,27.22,50.0,75.0,2.1,CA,1596307553.0,,,,,,
594,Englewood,39.65,-104.99,31.11,20.0,20.0,1.5,US,1596307553.0,5.22,2.58,4.94,6.6,6.17,6.35
595,Fort Collins,40.59,-105.08,31.11,30.0,1.0,4.6,US,1596307385.0,4.26,2.24,4.25,5.73,5.6,5.7
596,San Pedro Garza García,25.67,-100.4,27.78,61.0,75.0,7.2,MX,1596307535.0,,,,,,
597,Adolfo López Mateos,28.47,-107.3,27.22,44.0,0.0,1.34,MX,1596307553.0,,,,,,
598,Austintown,41.1,-80.76,24.44,88.0,90.0,4.1,US,1596307262.0,2.33,1.69,2.87,4.26,5.22,5.32
599,Roseland,38.42,-122.73,25.56,49.0,1.0,2.1,US,1596307554.0,2.76,2.06,3.36,7.1,6.74,6.98
600,Albemarle,35.35,-80.2,33.89,59.0,40.0,2.6,US,1596307444.0,4.31,2.63,4.35,4.52,5.62,5.66
601,Lake Cowichan,48.83,-124.05,23.0,56.0,20.0,3.1,CA,1596307554.0,,,,,,
602,Kearney,40.7,-99.08,27.0,54.0,1.0,6.2,US,1596307554.0,3.74,2.12,3.92,6.03,5.96,6.16
603,Keizer,44.99,-123.03,22.78,60.0,1.0,1.5,US,1596307554.0,1.55,1.2,2.09,6.54,6.0,6.37
604,Galveston,29.37,-94.97,28.89,65.0,75.0,1.55,US,1596307360.0,3.59,2.88,4.05,5.05,5.92,5.86
605,Frederick,39.47,-77.4,30.0,58.0,90.0,1.5,US,1596307380.0,3.36,2.08,3.66,4.29,5.35,5.43
606,Grandview,38.89,-94.53,28.33,54.0,75.0,3.6,US,1596307555.0,3.56,2.19,3.82,5.45,5.72,5.84
607,Bethel Park,40.33,-80.04,26.0,74.0,75.0,3.6,US,1596307542.0,2.5,1.79,3.02,4.17,5.25,5.33
608,San Buenaventura,27.08,-101.53,29.0,51.0,40.0,3.27,MX,1596307555.0,,,,,,
609,Blairmore,49.6,-114.44,28.0,64.0,1.0,3.6,CA,1596307555.0,,,,,,
610,Albertville,34.27,-86.21,30.0,51.0,75.0,6.2,US,1596307555.0,3.55,2.44,3.8,4.75,5.75,5.77
611,Norfolk,42.17,-71.25,32.78,40.0,75.0,1.5,US,1596307555.0,3.2,1.91,3.58,4.4,5.23,5.39
612,Waupun,43.63,-88.73,26.0,60.0,40.0,2.1,US,1596307556.0,1.92,1.39,2.44,4.65,5.19,5.39
613,Emmett,43.87,-116.5,34.44,27.0,100.0,3.26,US,1596307556.0,2.65,1.48,2.85,8.76,6.88,7.3
614,Twentynine Palms,34.14,-116.05,38.89,10.0,1.0,2.3,US,1596307508.0,6.24,3.4,5.74,8.1,6.95,6.96
615,Cedartown,34.05,-85.25,32.78,55.0,90.0,3.6,US,1596307556.0,3.92,2.61,4.1,4.53,5.66,5.66
616,Flower Mound,33.01,-97.1,31.67,48.0,40.0,2.46,US,1596307556.0,4.3,2.8,4.38,6.15,6.33,6.35
617,Kirkland Lake,48.14,-80.04,25.0,61.0,90.0,1.5,CA,1596307556.0,,,,,,
618,Terre Haute,39.47,-87.41,21.0,88.0,90.0,3.6,US,1596307541.0,2.72,1.87,3.16,5.01,5.61,5.74
619,Eloy,32.76,-111.55,38.0,31.0,1.0,2.1,US,1596307557.0,6.55,3.58,5.87,6.9,6.61,6.62
620,Sedona,34.87,-111.76,35.0,26.0,1.0,4.1,US,1596307325.0,6.45,3.25,5.63,6.95,6.37,6.38
621,Barraute,48.43,-77.63,27.22,50.0,75.0,2.1,CA,1596307557.0,,,,,,
622,Nuevo Casas Grandes,30.42,-107.92,32.22,35.0,0.0,3.13,MX,1596307557.0,,,,,,
623,Jonesboro,35.84,-90.7,26.0,65.0,90.0,7.7,US,1596307557.0,3.27,2.25,3.61,5.46,6.01,6.09
624,Hershey,40.29,-76.65,31.11,48.0,75.0,2.73,US,1596307557.0,3.23,2.0,3.57,4.26,5.26,5.35
625,Orange Cove,36.62,-119.31,31.67,33.0,1.0,1.38,US,1596307557.0,2.58,2.15,3.32,8.43,7.26,7.41
626,La Sarre,48.8,-79.2,25.22,55.0,7.0,1.95,CA,1596307558.0,,,,,,
627,North Ridgeville,41.39,-82.02,24.44,73.0,90.0,2.6,US,1596307558.0,2.22,1.65,2.8,4.43,5.27,5.4
628,Waycross,31.21,-82.35,34.44,38.0,1.0,3.1,US,1596307558.0,4.19,2.96,4.41,4.28,5.54,5.51
629,Big Rapids,43.7,-85.48,26.67,47.0,1.0,3.6,US,1596307558.0,2.01,1.43,2.53,4.58,5.2,5.39
630,Manchester,53.48,-2.24,17.22,55.0,4.0,3.6,GB,1596307498.0,,,,,,
631,Elk City,35.41,-99.4,29.0,39.0,75.0,1.5,US,1596307558.0,5.12,2.92,4.94,6.56,6.41,6.48
632,Ozark,37.02,-93.21,26.67,69.0,88.0,3.25,US,1596307559.0,3.5,2.3,3.81,5.61,5.95,6.03
633,Ciudad General Terán,25.27,-99.68,32.08,45.0,100.0,0.6,MX,1596307559.0,,,,,,
634,Fruitvale,39.08,-108.5,33.89,14.0,1.0,2.6,US,1596307559.0,4.8,2.51,4.64,6.74,6.18,6.29
635,Lakeside,30.13,-81.77,36.0,47.0,75.0,2.6,US,1596307559.0,4.5,3.19,4.7,4.2,5.48,5.44
636,Soddy-Daisy,35.24,-85.19,31.11,63.0,17.0,1.34,US,1596307559.0,3.67,2.42,3.87,4.78,5.74,5.78
637,Winona,43.97,-91.77,27.78,44.0,40.0,1.64,US,1596307559.0,2.25,1.46,2.69,4.97,5.26,5.48
638,Greeneville,36.16,-82.83,30.56,58.0,40.0,1.5,US,1596307559.0,3.38,2.29,3.7,4.64,5.74,5.79
639,Avenal,36.0,-120.13,33.33,37.0,0.0,1.79,US,1596307560.0,3.6,2.57,4.13,8.18,7.21,7.33
640,Kent,51.17,0.67,22.22,71.0,6.0,1.34,GB,1596307374.0,,,,,,
641,Smiths Falls,44.9,-76.02,32.22,39.0,59.0,0.45,CA,1596307415.0,,,,,,
642,Rancho Palos Verdes,33.74,-118.39,27.0,47.0,5.0,2.1,US,1596307560.0,4.4,3.09,4.87,6.31,6.72,6.81
643,North Platte,41.12,-100.77,27.78,51.0,1.0,4.1,US,1596307330.0,4.05,2.17,4.15,6.6,6.15,6.39
644,Winfield,37.24,-97.0,28.0,54.0,20.0,4.1,US,1596307560.0,4.14,2.49,4.27,5.99,6.08,6.19
645,Dryden,49.78,-92.75,20.0,68.0,75.0,6.2,CA,1596307366.0,,,,,,
646,San Benito,16.91,-89.91,34.16,45.0,85.0,1.27,GT,1596307561.0,,,,,,
647,Englehart,47.82,-79.87,25.0,61.0,90.0,1.5,CA,1596307561.0,,,,,,
648,Marysville,48.05,-122.18,18.89,77.0,100.0,2.6,US,1596307559.0,1.25,0.94,1.71,5.25,5.28,5.65
649,Apache Junction,33.42,-111.55,37.78,35.0,20.0,3.1,US,1596307397.0,6.47,3.46,5.78,7.45,6.84,6.86
650,Obregon,11.96,-85.96,34.0,52.0,40.0,3.1,NI,1596307561.0,,,,,,
651,Fremont,37.55,-121.99,24.44,68.0,20.0,1.5,US,1596307409.0,3.21,2.31,3.8,7.42,6.95,7.16
652,Hopkinsville,36.87,-87.49,27.22,83.0,75.0,5.1,US,1596307562.0,2.98,2.11,3.39,5.17,5.83,5.91
653,Gautier,30.39,-88.61,33.0,59.0,75.0,1.5,US,1596307562.0,3.98,2.96,4.29,4.85,5.83,5.81
654,East Palo Alto,37.47,-122.14,25.56,62.0,0.0,1.79,US,1596307418.0,3.09,2.26,3.69,6.99,6.88,7.08
655,Lumby,50.25,-118.97,29.44,30.0,1.0,1.5,CA,1596307562.0,,,,,,
656,Lake Charles,30.21,-93.2,28.33,78.0,75.0,3.6,US,1596307302.0,3.6,2.73,3.91,4.64,5.74,5.7
657,Hobbs,32.7,-103.14,32.78,31.0,5.0,2.1,US,1596307415.0,5.91,3.45,5.3,6.8,6.64,6.53
658,Milledgeville,33.08,-83.23,34.44,44.0,1.0,2.6,US,1596307520.0,4.33,2.84,4.42,4.49,5.66,5.66
659,Sun Valley,39.6,-119.78,30.0,6.0,1.0,2.1,US,1596307563.0,4.64,2.4,4.51,9.11,7.18,7.39
660,Pleasanton,37.66,-121.87,24.44,49.0,1.0,2.1,US,1596307374.0,3.01,2.24,3.63,7.74,7.05,7.26
661,Española,35.99,-106.08,27.78,27.0,1.0,1.5,US,1596307563.0,6.63,3.2,5.74,6.61,6.18,6.2
662,Mayfield Heights,41.52,-81.46,24.0,88.0,90.0,3.6,US,1596307267.0,1.42,1.34,2.07,4.39,5.24,5.38
663,Le Mars,42.79,-96.17,24.44,73.0,90.0,3.6,US,1596307563.0,2.4,1.5,2.73,5.45,5.6,5.82
664,Fort Walton Beach,30.41,-86.62,32.22,66.0,1.0,4.1,US,1596307563.0,4.11,3.0,4.39,4.3,5.51,5.47
665,Cedar Rapids,42.01,-91.64,26.67,54.0,75.0,1.5,US,1596307563.0,2.66,1.71,3.08,4.77,5.32,5.49
666,South Lake Tahoe,38.93,-119.98,25.56,29.0,1.0,1.5,US,1596307349.0,4.58,2.4,4.42,9.49,7.24,7.41
667,Faribault,44.3,-93.27,27.0,54.0,40.0,2.6,US,1596307564.0,2.25,1.44,2.68,5.11,5.32,5.56
668,Sumter,28.71,-82.08,35.56,55.0,0.0,2.68,US,1596307564.0,4.83,3.42,4.93,4.24,5.47,5.41
669,Ciudad de Allende,25.28,-100.02,28.0,61.0,75.0,5.1,MX,1596307564.0,,,,,,
670,Saint-Prosper,46.21,-70.48,26.11,42.0,5.0,0.89,CA,1596307564.0,,,,,,
671,La Tuque,47.43,-72.78,27.88,40.0,72.0,1.86,CA,1596307325.0,,,,,,
672,Bradford,53.79,-1.75,16.11,63.0,20.0,6.7,GB,1596307306.0,,,,,,
673,Coaldale,49.72,-112.62,25.0,61.0,75.0,5.7,CA,1596307565.0,,,,,,
674,Fountain Hills,33.61,-111.72,38.89,32.0,1.0,3.55,US,1596307374.0,6.25,3.38,5.64,7.44,6.83,6.86
675,Utica,43.1,-75.23,30.0,42.0,1.0,1.27,US,1596307327.0,2.13,1.48,2.62,4.56,5.19,5.35
676,Hailey,43.52,-114.32,29.0,30.0,5.0,4.6,US,1596307348.0,2.49,1.58,2.9,8.66,6.74,7.07
677,Plymouth,41.83,-70.83,32.0,54.0,1.0,5.1,US,1596307565.0,3.12,1.9,3.53,4.35,5.21,5.37
678,Dodge City,37.75,-100.02,29.0,48.0,1.0,2.6,US,1596307492.0,4.92,2.65,4.76,6.48,6.24,6.38
679,Brookings,44.31,-96.8,24.44,69.0,75.0,7.7,US,1596307272.0,2.25,1.43,2.66,5.57,5.55,5.81
680,Ciudad Juárez,31.73,-106.48,34.0,33.0,5.0,2.35,MX,1596307431.0,6.79,3.78,5.8,6.59,6.58,6.35
681,Port Hope,43.94,-82.71,27.0,73.0,100.0,4.1,US,1596307566.0,1.41,1.22,1.99,4.85,5.36,5.57
682,Woodland,38.68,-121.77,26.67,50.0,1.0,1.5,US,1596307566.0,2.4,1.95,3.12,8.18,7.13,7.37
683,Staunton,38.15,-79.07,30.0,74.0,90.0,2.1,US,1596307302.0,3.81,2.34,4.04,4.57,5.52,5.59
684,Kissimmee,28.3,-81.42,34.44,52.0,1.0,3.6,US,1596307566.0,5.05,3.54,5.08,4.42,5.59,5.52
685,Vernon,50.26,-119.27,29.44,30.0,1.0,1.5,CA,1596307566.0,,,,,,
686,Rapid City,44.08,-103.23,26.11,53.0,40.0,4.1,US,1596307453.0,4.22,1.97,4.2,6.77,6.07,6.42
687,Cheyenne,41.14,-104.82,27.22,24.0,1.0,2.6,US,1596307278.0,4.62,2.28,4.48,6.24,5.96,6.15
688,Moundsville,39.92,-80.74,26.67,74.0,90.0,4.1,US,1596307567.0,2.63,1.83,3.1,4.1,5.24,5.33
689,Fayetteville,35.05,-78.88,34.0,52.0,40.0,4.6,US,1596307391.0,4.25,2.66,4.34,4.42,5.54,5.56
690,Troy,42.61,-83.15,27.22,78.0,90.0,2.1,US,1596307433.0,2.27,1.62,2.84,4.34,5.2,5.35
691,Sparks,39.53,-119.75,29.44,9.0,20.0,2.1,US,1596307354.0,4.64,2.4,4.51,9.11,7.18,7.39
692,Steamboat Springs,40.48,-106.83,29.44,16.0,1.0,2.6,US,1596307567.0,2.85,1.82,3.16,6.73,6.01,6.11
693,Jamestown,42.1,-79.24,25.0,73.0,75.0,4.1,US,1596307567.0,1.74,1.44,2.35,4.22,5.12,5.23
694,Placerville,38.73,-120.8,32.78,16.0,1.0,2.6,US,1596307426.0,3.2,2.14,3.65,8.82,7.29,7.51
695,Brunswick,41.24,-81.84,25.0,83.0,90.0,3.1,US,1596307562.0,2.31,1.68,2.87,4.37,5.25,5.37
696,Front Royal,38.92,-78.19,30.0,66.0,75.0,3.6,US,1596307564.0,3.51,2.18,3.8,4.31,5.37,5.45
697,Hamburg,53.55,10.0,24.44,73.0,100.0,5.7,DE,1596307502.0,,,,,,
698,Oroville,39.51,-121.56,28.89,42.0,1.0,2.1,US,1596307568.0,2.69,1.92,3.22,8.05,7.08,7.36
699,Nuevo Laredo,27.48,-99.52,31.0,58.0,75.0,2.5,MX,1596307568.0,4.1,3.21,4.42,6.49,6.54,6.42
700,Miami,25.77,-80.19,32.22,59.0,40.0,6.7,US,1596307365.0,5.36,3.87,5.33,4.76,5.87,5.77
701,North Tonawanda,43.04,-78.86,31.0,35.0,1.0,4.6,US,1596307569.0,1.7,1.39,2.3,4.83,5.31,5.48
702,Glens Falls,43.31,-73.64,31.11,39.0,1.0,1.63,US,1596307360.0,2.95,1.74,3.33,4.48,5.13,5.29
703,Rio Linda,38.69,-121.45,29.44,44.0,1.0,0.29,US,1596307569.0,2.29,1.92,3.03,8.14,7.11,7.36
704,Millington,35.34,-89.9,22.78,100.0,90.0,3.1,US,1596307473.0,3.23,2.28,3.59,5.44,6.03,6.1
705,Northport,33.23,-87.58,30.0,70.0,100.0,0.45,US,1596307569.0,3.77,2.57,3.95,4.63,5.72,5.72
706,Puerto Palomas,31.77,-107.62,33.0,21.0,1.0,2.6,MX,1596307569.0,6.98,3.79,5.86,6.72,6.57,6.31
707,Kingsville,27.52,-97.86,33.0,55.0,1.0,2.15,US,1596307569.0,3.45,2.93,3.96,5.54,6.16,6.05
708,Redwater,33.36,-94.25,29.0,48.0,1.0,4.1,US,1596307569.0,3.72,2.55,3.93,5.94,6.25,6.27
709,Streator,41.12,-88.84,25.0,73.0,90.0,2.6,US,1596307570.0,2.17,1.59,2.68,4.78,5.37,5.52
710,Winder,33.99,-83.72,32.22,49.0,75.0,3.6,US,1596307570.0,4.22,2.72,4.3,4.46,5.61,5.6
711,Isla Vista,34.41,-119.86,23.0,60.0,1.0,3.6,US,1596307376.0,4.84,3.05,4.97,7.06,6.79,6.86
712,Dothan,31.22,-85.39,33.89,52.0,20.0,4.1,US,1596307570.0,4.24,2.94,4.39,4.32,5.56,5.53
713,Timberlake,37.32,-79.26,30.56,66.0,75.0,2.1,US,1596307570.0,4.03,2.44,4.18,4.6,5.6,5.65
714,Quartz Hill,34.65,-118.22,37.78,10.0,1.0,7.2,US,1596307570.0,5.73,3.21,5.41,8.62,7.39,7.45
715,Bowling Green,36.99,-86.44,27.78,83.0,90.0,2.6,US,1596307571.0,3.04,2.11,3.42,4.92,5.74,5.81
716,Henderson,36.04,-114.98,42.0,8.0,1.0,6.7,US,1596307503.0,6.12,3.19,5.63,8.02,6.87,6.94
717,Brigham City,41.51,-112.02,35.56,8.0,1.0,1.5,US,1596307571.0,2.85,1.73,3.12,8.42,6.89,7.16
718,Kenora,49.82,-94.43,21.0,60.0,75.0,5.7,CA,1596307571.0,,,,,,
719,Red Bluff,40.18,-122.24,35.56,25.0,1.0,0.81,US,1596307571.0,3.08,1.94,3.43,8.58,7.16,7.45
720,Warsaw,52.23,21.01,22.78,56.0,1.0,2.6,PL,1596307310.0,,,,,,
721,Camp Verde,34.56,-111.85,38.33,27.0,0.0,3.44,US,1596307571.0,6.27,3.26,5.58,6.6,6.24,6.24
722,Midland,32.0,-102.08,33.0,27.0,40.0,2.1,US,1596307572.0,5.53,3.41,5.33,6.78,6.6,6.57
723,Matagami,49.75,-77.63,28.0,45.0,20.0,2.5,CA,1596307572.0,,,,,,
724,Magnolia,33.27,-93.24,30.56,61.0,40.0,2.1,US,1596307572.0,3.52,2.48,3.77,5.41,6.06,6.07
725,Tarboro,35.9,-77.54,33.0,62.0,40.0,2.1,US,1596307572.0,4.2,2.59,4.31,4.68,5.62,5.67
726,Thessalon,46.25,-83.57,26.0,44.0,1.0,2.6,CA,1596307572.0,1.69,1.16,2.16,5.18,5.25,5.54
727,Palestine,31.92,35.2,28.33,74.0,0.0,2.1,PS,1596307572.0,,,,,,
728,Del Rio,29.36,-100.9,37.0,32.0,1.0,2.6,US,1596307572.0,4.61,3.25,4.7,6.26,6.34,6.24
729,Petersburg,37.23,-77.4,31.0,58.0,75.0,1.14,US,1596307573.0,4.02,2.44,4.17,4.44,5.5,5.57
730,Toccoa,34.58,-83.33,32.22,49.0,75.0,2.1,US,1596307573.0,4.39,2.71,4.4,4.78,5.81,5.83
731,Evansville,37.97,-87.56,27.0,69.0,90.0,4.1,US,1596307573.0,2.93,2.03,3.34,5.39,5.9,6.02
732,Gallup,35.53,-108.74,31.0,22.0,1.0,6.2,US,1596307573.0,6.27,3.08,5.46,6.76,6.23,6.24
733,Topolobampo,25.6,-109.05,34.44,46.0,40.0,2.1,MX,1596307505.0,,,,,,
734,Linares,-35.85,-71.6,11.3,84.0,100.0,4.76,CL,1596307573.0,,,,,,
735,Sulphur,30.24,-93.38,28.89,78.0,40.0,3.6,US,1596307573.0,3.61,2.73,3.91,4.55,5.65,5.6
736,Dickson,36.08,-87.39,25.0,88.0,75.0,3.6,US,1596307433.0,3.11,2.18,3.46,4.92,5.74,5.79
737,Cape Girardeau,37.31,-89.52,21.11,83.0,90.0,4.1,US,1596307574.0,3.01,2.08,3.39,5.46,5.9,6.0
738,Alabaster,33.24,-86.82,31.67,62.0,75.0,3.1,US,1596307574.0,3.9,2.63,4.05,4.5,5.66,5.66
739,Council Bluffs,41.26,-95.86,29.0,45.0,75.0,4.1,US,1596307574.0,3.18,1.92,3.5,5.21,5.58,5.76
740,Coldwater,41.94,-85.0,22.0,83.0,90.0,3.1,US,1596307574.0,1.91,1.5,2.49,4.36,5.21,5.35
741,Benito Juarez,19.39,-99.17,22.0,53.0,75.0,4.6,MX,1596307574.0,,,,,,
742,Clearlake,38.96,-122.63,32.78,30.0,0.0,0.83,US,1596307574.0,3.18,2.14,3.64,8.53,7.21,7.45
743,Morden,49.19,-98.1,24.0,53.0,20.0,7.7,CA,1596307358.0,,,,,,
744,Laurel,39.1,-76.85,31.67,66.0,40.0,3.1,US,1596307575.0,3.61,2.18,3.84,4.38,5.41,5.5
745,Rupert,42.62,-113.68,31.0,25.0,1.0,4.1,US,1596307575.0,3.07,1.7,3.23,8.34,6.75,7.07
746,Sainte-Martine,45.25,-73.8,30.0,51.0,20.0,2.1,CA,1596307575.0,,,,,,
747,Poplar Bluff,36.76,-90.39,23.0,73.0,90.0,5.94,US,1596307295.0,3.37,2.22,3.65,5.72,6.04,6.14
748,Champaign,40.13,-88.2,21.67,83.0,90.0,4.1,US,1596307314.0,2.84,1.86,3.22,4.66,5.46,5.6
749,Asheville,35.6,-82.55,30.56,48.0,1.0,6.7,US,1596307295.0,4.36,2.67,4.42,4.32,5.59,5.62
750,Walkerton,41.47,-86.48,21.11,77.0,90.0,2.6,US,1596307576.0,1.92,1.54,2.54,4.47,5.29,5.34
751,Auburndale,28.07,-81.79,34.44,46.0,40.0,3.1,US,1596307576.0,4.99,3.55,5.07,4.31,5.55,5.48
752,Monticello,45.31,-93.79,26.11,57.0,75.0,2.06,US,1596307576.0,2.13,1.36,2.57,5.25,5.34,5.61
753,Bridgton,44.05,-70.71,31.11,56.0,85.0,1.52,US,1596307576.0,3.05,1.73,3.42,4.8,5.22,5.44
754,Aldergrove,49.06,-122.47,21.67,64.0,20.0,5.1,CA,1596307576.0,,,,,,
755,Wapakoneta,40.57,-84.19,23.89,94.0,90.0,2.1,US,1596307576.0,2.14,1.64,2.7,4.49,5.37,5.5
756,Clearwater,27.97,-82.8,35.56,41.0,1.0,2.1,US,1596307416.0,5.18,3.62,5.18,4.43,5.56,5.48
757,Grants,35.15,-107.85,31.0,22.0,1.0,4.1,US,1596307577.0,6.75,3.29,5.8,6.18,5.91,5.87
758,Arrondissement du Havre,49.58,0.33,20.0,77.0,33.0,3.1,FR,1596307577.0,,,,,,
759,Ures,29.43,-110.4,36.67,42.0,0.0,2.68,MX,1596307577.0,,,,,,
760,Edgewater,28.99,-80.9,33.89,55.0,20.0,3.1,US,1596307577.0,4.98,3.45,5.02,4.79,5.77,5.72
761,Pampa,35.54,-100.96,31.0,29.0,40.0,3.6,US,1596307577.0,5.52,3.03,5.19,6.45,6.36,6.42
762,Waynesville,35.49,-82.99,30.0,65.0,0.0,4.58,US,1596307577.0,4.38,2.67,4.41,3.82,5.19,5.17
763,Taft,31.75,54.21,34.0,21.0,5.0,3.1,IR,1596307578.0,,,,,,
764,Corvallis,44.56,-123.26,23.89,60.0,1.0,1.24,US,1596307578.0,1.45,1.18,1.98,6.65,6.06,6.42
765,Portales,34.19,-103.33,31.67,32.0,1.0,4.1,US,1596307578.0,6.04,3.31,5.54,6.71,6.58,6.61
766,Satellite Beach,28.18,-80.59,33.33,62.0,75.0,3.6,US,1596307578.0,5.14,3.56,5.11,5.21,5.99,5.92
767,Mason City,43.15,-93.2,27.0,42.0,1.0,1.54,US,1596307385.0,2.53,1.56,2.9,4.93,5.36,5.56
768,Paisley,55.83,-4.43,16.0,63.0,75.0,5.1,GB,1596307578.0,,,,,,
769,Lynnwood,47.82,-122.32,19.44,77.0,100.0,0.45,US,1596307481.0,1.38,1.0,1.86,5.73,5.45,5.85
770,Corinth,37.94,22.96,30.56,43.0,58.0,1.34,GR,1596307579.0,,,,,,
771,Virden,39.5,-89.77,22.0,73.0,90.0,4.1,US,1596307385.0,2.86,1.91,3.26,5.25,5.66,5.79
772,Belle Fourche,44.67,-103.85,26.67,50.0,68.0,1.79,US,1596307314.0,3.75,1.78,3.79,7.11,6.21,6.6
773,Lively,46.43,-81.15,27.22,47.0,75.0,1.0,CA,1596307579.0,,,,,,
774,Greensburg,40.3,-79.54,26.0,83.0,90.0,3.6,US,1596307579.0,2.46,1.79,2.99,4.03,5.21,5.29
775,Escanaba,45.75,-87.06,27.22,64.0,1.0,5.7,US,1596307579.0,2.54,1.42,2.88,5.03,5.27,5.55
776,Villa Unión,23.2,-106.23,31.0,66.0,40.0,3.6,MX,1596307579.0,,,,,,
777,Borger,52.92,6.79,21.67,78.0,35.0,2.24,NL,1596307580.0,,,,,,
778,Whitefish,48.41,-114.34,27.22,47.0,1.0,3.6,US,1596307580.0,2.45,1.11,2.53,6.66,5.76,6.18
779,Fuquay-Varina,35.58,-78.8,35.0,100.0,72.0,0.45,US,1596307580.0,4.23,2.61,4.32,4.56,5.59,5.62
780,Guangzhou,23.12,113.25,26.67,83.0,75.0,3.0,CN,1596307580.0,,,,,,
781,Saint-Ambroise,48.55,-71.33,28.89,48.0,20.0,3.6,CA,1596307580.0,,,,,,
782,Rantoul,40.31,-88.16,22.22,88.0,90.0,3.1,US,1596307581.0,2.43,1.69,2.87,4.75,5.46,5.6
783,Palm Coast,29.59,-81.21,34.44,43.0,1.0,3.6,US,1596307581.0,4.8,3.34,4.89,4.35,5.54,5.48
784,Creston,41.06,-94.36,25.0,65.0,75.0,5.1,US,1596307358.0,2.87,1.8,3.21,5.35,5.61,5.78
785,Ames,42.03,-93.62,28.0,48.0,75.0,2.1,US,1596307421.0,2.63,1.68,3.02,5.16,5.5,5.69
786,Fort Payne,34.44,-85.72,30.0,55.0,75.0,5.7,US,1596307582.0,3.68,2.47,3.88,4.53,5.66,5.68
787,Pueblo,38.25,-104.61,30.56,34.0,1.0,1.91,US,1596307360.0,5.34,2.7,4.99,7.3,6.58,6.75
788,Worthington,40.09,-83.02,28.89,74.0,75.0,4.1,US,1596307582.0,2.51,1.81,3.03,4.44,5.38,5.48
789,Statesboro,32.45,-81.78,35.0,41.0,40.0,4.6,US,1596307582.0,4.15,2.84,4.34,4.41,5.64,5.63
790,Saint-Jovite,46.12,-74.6,28.0,51.0,40.0,1.5,CA,1596307324.0,,,,,,
791,Dublin,37.7,-121.94,26.67,49.0,1.0,2.1,US,1596307467.0,3.14,2.25,3.69,7.36,6.88,7.09
792,Concordia,-31.39,-58.02,25.0,57.0,27.0,4.1,AR,1596307566.0,,,,,,
793,Gravelbourg,49.88,-106.55,24.8,33.0,0.0,3.76,CA,1596307583.0,,,,,,
794,Brewster,41.4,-73.62,32.22,45.0,20.0,3.1,US,1596307583.0,3.22,1.98,3.63,4.25,5.17,5.31
795,Lufkin,31.34,-94.73,31.67,66.0,40.0,0.81,US,1596307583.0,3.61,2.64,3.87,5.36,6.06,6.04
796,Campbellsville,37.34,-85.34,28.0,65.0,40.0,5.1,US,1596307549.0,2.79,2.0,3.22,4.86,5.69,5.77
797,Claremore,36.31,-95.62,28.89,36.0,40.0,2.6,US,1596307583.0,3.89,2.45,4.06,6.1,6.16,6.25
798,Saint-Raymond,45.47,-73.61,30.56,51.0,20.0,2.1,CA,1596307584.0,,,,,,
799,Liberty,31.83,-81.5,35.0,49.0,75.0,2.6,US,1596307584.0,4.28,2.94,4.44,4.48,5.64,5.61
800,Terrell,32.74,-96.28,32.22,48.0,75.0,3.6,US,1596307498.0,4.02,2.71,4.16,5.91,6.24,6.25
801,Port Huron,42.97,-82.42,27.0,57.0,40.0,2.1,US,1596307584.0,2.29,1.59,2.84,4.54,5.26,5.42
802,Brawley,32.98,-115.53,38.89,45.0,1.0,6.7,US,1596307584.0,6.24,3.55,5.81,8.13,7.09,7.09
803,San Clemente,33.43,-117.61,26.67,78.0,0.0,2.24,US,1596307455.0,4.14,3.06,4.73,5.4,6.37,6.43
804,Carpinteria,34.4,-119.52,38.89,22.0,0.0,0.45,US,1596307584.0,4.66,3.04,4.91,5.83,6.29,6.32
805,Nogales,31.31,-110.94,33.89,38.0,1.0,2.64,MX,1596307585.0,7.16,3.82,6.14,6.07,6.0,5.93
806,Lethbridge,49.7,-112.82,25.0,61.0,75.0,5.7,CA,1596307538.0,,,,,,
807,Cuauhtémoc,28.42,-106.87,27.22,44.0,7.0,1.34,MX,1596307585.0,,,,,,
808,Macamic,48.75,-79.0,28.0,45.0,75.0,4.1,CA,1596307585.0,,,,,,
809,Conroe,30.31,-95.46,30.56,70.0,1.0,3.6,US,1596307585.0,3.62,2.74,3.94,4.76,5.8,5.75
810,Nacogdoches,31.6,-94.63,31.67,66.0,75.0,3.0,US,1596307586.0,3.59,2.62,3.85,5.31,6.03,6.01
811,La Plata,-34.92,-57.95,21.0,64.0,20.0,6.2,AR,1596307323.0,,,,,,
812,Carson City,39.16,-119.77,30.0,7.0,1.0,2.6,US,1596307502.0,4.63,2.4,4.45,9.36,7.26,7.46
813,Elizabethtown,37.69,-85.86,28.33,78.0,40.0,5.1,US,1596307586.0,2.82,1.99,3.24,5.07,5.74,5.83
814,Poquoson,37.12,-76.35,31.0,84.0,20.0,3.1,US,1596307586.0,3.85,2.4,4.06,4.79,5.63,5.71
815,Levelland,33.59,-102.38,32.78,29.0,20.0,2.6,US,1596307586.0,5.83,3.32,5.44,6.99,6.74,6.75
816,Slidell,30.28,-89.78,32.78,62.0,20.0,3.1,US,1596307587.0,3.84,2.92,4.21,4.53,5.64,5.6
817,Sulphur Springs,33.14,-95.6,31.11,42.0,40.0,3.1,US,1596307587.0,3.83,2.62,4.03,5.9,6.21,6.22
818,Fairhope,30.52,-87.9,31.67,74.0,1.0,2.6,US,1596307587.0,3.9,2.91,4.23,4.43,5.56,5.52
819,Cheney,47.49,-117.58,28.0,32.0,75.0,2.1,US,1596307336.0,1.83,1.06,2.12,7.43,6.23,6.75
820,Pulaski,34.77,-92.3,28.89,54.0,75.0,4.6,US,1596307587.0,3.36,2.37,3.7,5.45,5.99,6.04
821,Northfield,44.46,-93.16,28.0,50.0,75.0,2.6,US,1596307587.0,2.16,1.41,2.61,5.15,5.33,5.58
822,Sikeston,36.88,-89.59,22.0,83.0,90.0,4.1,US,1596307588.0,3.12,2.14,3.47,5.53,5.97,6.07
823,Binghamton,42.1,-75.92,30.56,44.0,75.0,2.6,US,1596307289.0,2.95,1.78,3.27,4.16,5.12,5.23
824,Mandeville,18.04,-77.51,32.0,66.0,40.0,4.6,JM,1596307588.0,,,,,,
825,Sebring,27.5,-81.44,33.0,52.0,90.0,5.1,US,1596307588.0,5.11,3.65,5.16,4.22,5.52,5.44
826,Stephenville,32.22,-98.2,31.67,35.0,1.0,2.6,US,1596307512.0,4.71,3.0,4.66,6.19,6.29,6.27
827,Mina,26.0,-100.53,28.33,61.0,75.0,7.2,MX,1596307588.0,,,,,,
828,Hawkesbury,45.6,-74.62,30.0,51.0,40.0,1.5,CA,1596307589.0,,,,,,
829,Belton,38.81,-94.53,27.78,44.0,20.0,4.1,US,1596307589.0,3.56,2.19,3.82,5.45,5.72,5.84
830,Cordele,31.96,-83.78,34.44,52.0,1.0,3.1,US,1596307581.0,4.3,2.91,4.43,4.55,5.72,5.72
831,Statesville,35.78,-80.89,31.11,66.0,75.0,2.1,US,1596307589.0,4.32,2.62,4.36,4.65,5.71,5.76
832,Bullhead City,35.15,-114.57,43.33,12.0,20.0,6.2,US,1596307589.0,5.98,3.24,5.57,7.99,6.99,7.06
833,Shawville,45.6,-76.48,31.67,39.0,49.0,0.6,CA,1596307589.0,,,,,,
834,Oxbow,49.23,-102.17,24.44,52.0,8.0,4.47,CA,1596307590.0,,,,,,
835,Spring Hill,28.48,-82.53,35.0,46.0,1.0,3.6,US,1596307590.0,4.91,3.47,4.99,4.16,5.4,5.33
836,Bloomsburg,41.0,-76.45,31.11,45.0,79.0,2.21,US,1596307590.0,2.63,1.81,3.15,4.04,5.15,5.24
837,Gravenhurst,44.92,-79.37,28.0,45.0,90.0,1.5,CA,1596307590.0,,,,,,
838,Portsmouth,50.8,-1.09,20.56,76.0,2.0,6.14,GB,1596307590.0,,,,,,
839,Bellevue,47.61,-122.2,19.44,72.0,90.0,1.8,US,1596307509.0,1.17,0.95,1.68,5.91,5.38,5.73
840,Port Charlotte,26.98,-82.09,35.0,49.0,40.0,6.7,US,1596307591.0,5.14,3.72,5.22,4.33,5.57,5.49
841,Zion,42.45,-87.83,25.0,78.0,40.0,3.6,US,1596307591.0,2.48,1.68,3.0,4.62,5.26,5.43
842,Pierreville,46.07,-72.81,28.89,48.0,1.0,4.6,CA,1596307591.0,,,,,,
843,Ingleside,27.88,-97.21,33.0,66.0,1.0,3.1,US,1596307591.0,3.46,2.94,4.0,5.86,6.38,6.3
844,Ontario,34.06,-117.65,37.22,10.0,20.0,2.6,US,1596307370.0,4.6,3.06,4.9,7.64,7.22,7.31
845,San Marcos,33.14,-117.17,27.78,77.0,1.0,5.1,US,1596307352.0,5.11,3.26,5.19,7.2,6.99,7.05
846,La Paz,-16.5,-68.15,18.0,10.0,29.0,3.6,BO,1596307592.0,,,,,,
847,LaBelle,26.76,-81.44,36.11,55.0,75.0,4.1,US,1596307592.0,5.26,3.72,5.21,4.27,5.55,5.46
848,Plainview,40.78,-73.47,31.11,54.0,90.0,3.6,US,1596307592.0,3.14,1.97,3.54,4.49,5.33,5.47
849,Magog,45.27,-72.15,26.67,54.0,40.0,3.1,CA,1596307592.0,,,,,,
850,,,,,,,,,,,,,,,
851,North Adams,42.7,-73.11,29.44,39.0,1.0,2.1,US,1596307592.0,2.81,1.71,3.18,4.1,4.94,5.07
852,Lower Burrell,40.55,-79.76,26.0,74.0,75.0,3.6,US,1596307593.0,2.61,1.81,3.1,4.14,5.23,5.33
853,Stirling,56.12,-3.94,16.67,72.0,75.0,0.89,GB,1596307593.0,,,,,,
854,Keller,32.93,-97.25,32.22,43.0,75.0,3.1,US,1596307593.0,4.36,2.84,4.43,6.31,6.38,6.39
855,Clovis,36.83,-119.7,33.33,28.0,1.0,1.29,US,1596307581.0,2.44,2.1,3.21,8.23,7.21,7.38
856,Moosomin,50.13,-101.67,23.51,43.0,0.0,4.16,CA,1596307383.0,,,,,,
857,Tupelo,34.26,-88.7,27.0,65.0,90.0,5.1,US,1596307500.0,3.41,2.41,3.73,5.09,5.9,5.94
858,Marlton,39.89,-74.92,32.78,40.0,1.0,2.57,US,1596307594.0,3.32,2.05,3.64,4.25,5.27,5.36
859,East Wenatchee Bench,47.43,-120.28,30.0,26.0,1.0,5.1,US,1596307594.0,2.05,1.17,2.4,7.28,6.3,6.86
860,Bagotville,-28.98,153.42,9.44,93.0,90.0,2.78,AU,1596307594.0,,,,,,
861,Moses Lake,47.13,-119.28,29.0,26.0,1.0,2.6,US,1596307328.0,2.19,1.18,2.44,7.93,6.48,7.06
862,Cutler Bay,25.58,-80.34,32.0,66.0,20.0,10.8,US,1596307594.0,5.5,3.92,5.4,4.5,5.73,5.62
863,Chowchilla,37.12,-120.26,30.0,23.0,1.0,5.1,US,1596307594.0,2.29,2.03,3.09,8.16,7.2,7.38
864,Minden,52.28,8.92,25.0,69.0,75.0,2.1,DE,1596307492.0,,,,,,
865,Bryan,30.67,-96.37,33.33,62.0,75.0,3.45,US,1596307595.0,3.8,2.79,4.06,5.44,6.11,6.07
866,Columbus,39.96,-83.0,28.89,78.0,75.0,2.6,US,1596307589.0,2.56,1.82,3.06,4.44,5.36,5.46
867,Carman,49.5,-98.0,24.44,51.0,0.0,3.58,CA,1596307595.0,,,,,,
868,Bloomfield,40.81,-74.19,33.89,29.0,1.0,2.6,US,1596307595.0,3.33,2.03,3.7,4.17,5.15,5.26
869,Hickory,35.73,-81.34,32.22,62.0,1.0,4.1,US,1596307595.0,4.32,2.64,4.39,4.38,5.58,5.61
870,Orangeburg,33.49,-80.86,32.0,83.0,1.0,3.6,US,1596307595.0,4.31,2.82,4.43,4.38,5.59,5.6
871,St. Pete Beach,27.73,-82.74,36.11,55.0,1.0,4.1,US,1596307434.0,5.15,3.63,5.17,4.88,5.84,5.77
872,Moorpark,34.29,-118.88,38.89,20.0,0.0,3.13,US,1596307425.0,4.88,3.08,5.02,7.93,7.21,7.29
873,Sedro-Woolley,48.5,-122.24,22.0,64.0,75.0,3.6,US,1596307595.0,1.45,0.95,1.85,5.01,5.2,5.57
874,Mattoon,39.48,-88.37,19.44,93.0,90.0,5.7,US,1596307561.0,2.67,1.84,3.09,5.14,5.64,5.77
875,Durango,24.83,-104.83,24.75,46.0,87.0,5.3,MX,1596307401.0,,,,,,
876,Atoka,34.4,-96.02,30.56,48.0,1.0,1.5,US,1596307596.0,3.96,2.59,4.11,6.09,6.21,6.25
877,Deming,32.27,-107.76,33.0,21.0,1.0,2.6,US,1596307596.0,7.05,3.74,6.11,6.86,6.6,6.57
878,Maumelle,34.87,-92.4,28.89,60.0,3.0,0.89,US,1596307597.0,3.42,2.37,3.72,5.47,6.01,6.06
879,Rio Grande City,26.38,-98.82,32.78,69.0,99.0,0.45,US,1596307597.0,4.01,3.27,4.41,6.2,6.51,6.38
880,Casas Grandes,30.37,-107.95,32.22,35.0,0.0,3.13,MX,1596307597.0,,,,,,
881,Delta,5.5,6.0,23.69,79.0,4.0,2.09,NG,1596307597.0,,,,,,
882,Crawfordsville,40.04,-86.87,21.67,93.0,90.0,3.6,US,1596307597.0,2.48,1.77,2.97,4.68,5.46,5.59
883,Cody,44.53,-109.06,27.78,41.0,1.0,4.1,US,1596307597.0,3.77,1.79,3.82,6.97,6.01,6.29
884,Pullman,46.73,-117.18,27.78,32.0,1.0,2.6,US,1596307516.0,2.23,1.16,2.4,7.29,6.25,6.75
885,Fort Myers Beach,26.45,-81.95,35.0,46.0,20.0,6.2,US,1596307433.0,5.75,3.92,5.52,4.79,5.82,5.75
886,Bayonet Point,28.33,-82.68,36.11,47.0,0.0,2.65,US,1596307598.0,4.97,3.51,5.04,4.25,5.48,5.41
887,Anaconda,46.13,-112.94,27.0,34.0,1.0,1.53,US,1596307598.0,2.84,1.45,3.06,6.61,5.86,6.18
888,Sweetwater,25.76,-80.37,32.22,59.0,40.0,6.7,US,1596307598.0,5.19,3.79,5.21,4.25,5.53,5.42
889,Castaños,26.78,-101.42,29.0,51.0,40.0,4.19,MX,1596307598.0,,,,,,
890,Kingsport,36.55,-82.56,31.11,62.0,75.0,1.5,US,1596307598.0,3.41,2.28,3.71,4.51,5.69,5.75
891,Azle,32.9,-97.55,32.0,43.0,40.0,3.1,US,1596307599.0,4.5,2.88,4.5,6.17,6.29,6.29
892,Pocatello,42.87,-112.45,33.33,18.0,1.0,2.1,US,1596307599.0,2.35,1.43,2.6,7.85,6.5,6.77
893,Artesia,33.87,-118.08,29.0,64.0,1.0,2.6,US,1596307599.0,4.34,3.05,4.81,6.64,6.88,6.98
894,Truth or Consequences,33.13,-107.25,31.0,25.0,1.0,3.6,US,1596307599.0,7.22,3.69,6.19,6.9,6.54,6.54
895,North Branch,45.51,-92.98,24.44,71.0,100.0,2.68,US,1596307599.0,2.41,1.46,2.86,5.14,5.28,5.54
896,Shelburne,44.08,-80.2,30.0,40.0,20.0,4.1,CA,1596307496.0,,,,,,
897,Cloquet,46.72,-92.46,25.0,64.0,40.0,6.2,US,1596307599.0,2.87,1.45,3.15,5.03,5.19,5.48
898,Waterloo,43.47,-80.52,30.0,39.0,1.0,5.1,CA,1596307502.0,,,,,,
899,Eagle Pass,28.71,-100.5,33.0,59.0,40.0,3.1,US,1596307600.0,4.53,3.25,4.63,6.24,6.38,6.27
900,Coatesville,39.98,-75.82,32.22,48.0,75.0,2.6,US,1596307533.0,3.24,2.02,3.57,4.3,5.3,5.38
901,West Des Moines,41.57,-93.75,28.0,42.0,40.0,2.47,US,1596307524.0,2.83,1.78,3.21,5.12,5.5,5.67
902,Seaford,50.77,0.1,18.89,81.0,38.0,0.45,GB,1596307600.0,,,,,,
903,Lake Wales,27.9,-81.59,33.33,55.0,1.0,3.1,US,1596307600.0,5.06,3.59,5.12,4.41,5.61,5.55
904,Cumpas,29.98,-109.78,34.81,43.0,0.0,0.94,MX,1596307600.0,,,,,,
905,Vincennes,48.85,2.43,27.22,44.0,100.0,3.1,FR,1596307601.0,,,,,,
906,Maskinongé,46.23,-73.02,28.89,48.0,1.0,4.6,CA,1596307601.0,,,,,,
907,Katy,29.79,-95.82,29.44,78.0,1.0,1.5,US,1596307601.0,3.54,2.79,3.94,4.93,5.9,5.84
908,Carbondale,37.73,-89.22,20.0,88.0,90.0,3.6,US,1596307601.0,2.97,2.04,3.35,5.48,5.89,6.0
909,Madison Heights,42.49,-83.11,26.67,78.0,90.0,2.1,US,1596307601.0,2.2,1.62,2.8,4.35,5.22,5.37
910,Bellmead,31.59,-97.11,34.0,35.0,5.0,4.26,US,1596307601.0,3.94,2.78,4.15,5.98,6.3,6.28
911,Pell City,33.59,-86.29,31.11,66.0,40.0,5.1,US,1596307601.0,3.83,2.61,4.05,4.59,5.7,5.72
912,Charlottesville,38.03,-78.48,31.67,66.0,90.0,2.6,US,1596307544.0,3.81,2.31,4.0,4.42,5.47,5.55
913,Ville-Marie,47.33,-79.43,25.0,61.0,90.0,1.5,CA,1596307602.0,,,,,,
914,,,,,,,,,,,,,,,
915,Pasco,28.29,-82.42,35.56,58.0,8.0,0.89,US,1596307602.0,4.99,3.51,5.03,4.19,5.42,5.34
916,Big Spring,32.25,-101.48,32.78,29.0,1.0,1.5,US,1596307602.0,5.39,3.33,5.23,6.39,6.4,6.37
917,Wasco,35.59,-119.34,32.78,20.0,1.0,3.6,US,1596307602.0,2.6,2.3,3.45,8.03,7.23,7.35
918,Elwood,-37.88,144.98,10.56,81.0,0.0,6.7,AU,1596307603.0,,,,,,
919,Mayfield,36.74,-88.64,22.22,100.0,90.0,4.1,US,1596307603.0,3.08,2.14,3.46,5.35,5.91,6.0
920,Crown Point,41.42,-87.37,25.0,57.0,75.0,3.1,US,1596307603.0,2.16,1.63,2.75,4.59,5.34,5.5
921,Saint Thomas,13.18,-59.58,31.0,66.0,40.0,4.6,BB,1596307603.0,,,,,,
922,Marathon,44.9,-89.77,26.67,47.0,75.0,2.1,US,1596307603.0,2.36,1.46,2.79,4.85,5.23,5.47
923,Buckeye,33.37,-112.58,38.0,35.0,46.0,3.6,US,1596307603.0,6.42,3.5,5.81,7.31,6.78,6.8
924,La Joya,18.67,-99.47,30.0,69.0,90.0,3.1,MX,1596307604.0,,,,,,
925,Warren,39.43,-84.17,28.89,69.0,90.0,4.1,US,1596307604.0,2.66,1.87,3.14,4.93,5.6,5.72
926,Cranbrook,49.5,-115.77,30.0,40.0,75.0,2.1,CA,1596307533.0,,,,,,
927,Huntsville,34.73,-86.59,28.33,74.0,90.0,5.7,US,1596307459.0,3.34,2.35,3.67,4.67,5.71,5.73
928,Stuttgart,48.78,9.18,29.0,37.0,100.0,1.5,DE,1596307507.0,,,,,,
929,Daphne,30.6,-87.9,34.0,74.0,1.0,2.6,US,1596307495.0,3.9,2.91,4.23,4.43,5.56,5.52
930,Pine Bluff,34.23,-92.0,28.89,54.0,75.0,2.6,US,1596307605.0,3.4,2.4,3.71,5.6,6.1,6.15
931,Morris,40.83,-74.53,33.89,43.0,75.0,0.76,US,1596307605.0,3.45,2.06,3.78,4.18,5.12,5.22
932,Lucan,53.36,-6.44,16.11,72.0,75.0,6.2,IE,1596307605.0,,,,,,
933,Suamico,44.63,-88.04,26.67,50.0,40.0,2.1,US,1596307605.0,2.52,1.5,2.9,4.9,5.25,5.49
934,Richmond Hill,43.87,-79.44,30.0,43.0,100.0,2.24,CA,1596307319.0,,,,,,
935,Saltillo,25.42,-101.0,23.89,60.0,40.0,3.89,MX,1596307605.0,,,,,,
936,Parksville,49.32,-124.32,22.78,71.0,5.0,3.04,CA,1596307391.0,,,,,,
937,Guerrero,17.67,-100.0,26.91,62.0,25.0,1.88,MX,1596307606.0,,,,,,
938,Meaford,44.6,-80.58,25.56,76.0,100.0,1.31,CA,1596307491.0,,,,,,
939,Estevan,49.13,-102.98,25.0,41.0,40.0,2.6,CA,1596307415.0,,,,,,
940,Sterling Heights,42.58,-83.03,26.67,78.0,90.0,2.1,US,1596307606.0,2.1,1.58,2.71,4.33,5.21,5.35
941,Bahía Honda,22.9,-83.16,30.24,66.0,9.0,5.48,CU,1596307606.0,,,,,,
942,Dawson,31.77,-84.45,32.0,59.0,1.0,3.1,US,1596307606.0,4.18,2.89,4.35,4.42,5.64,5.62
943,Penticton,49.48,-119.59,30.0,28.0,40.0,3.6,CA,1596307538.0,,,,,,
944,Indiana,40.0,-86.25,23.33,88.0,90.0,2.1,US,1596307350.0,2.62,1.83,3.1,4.72,5.47,5.6
945,Belgrade,44.8,20.47,26.0,39.0,0.0,2.6,RS,1596307345.0,,,,,,
946,Rancho Mirage,33.74,-116.41,37.78,42.0,1.0,4.6,US,1596307595.0,6.19,3.43,5.72,8.31,7.03,7.03
947,Pineville,31.32,-92.43,28.0,74.0,40.0,4.1,US,1596307416.0,3.57,2.62,3.84,4.99,5.95,5.93
948,Rivers,50.03,-100.24,24.0,47.0,75.0,4.1,CA,1596307607.0,,,,,,
949,Albion,42.24,-84.75,25.0,69.0,40.0,2.1,US,1596307607.0,2.04,1.52,2.59,4.42,5.22,5.38
950,Olive Branch,34.96,-89.83,23.33,100.0,90.0,2.6,US,1596307602.0,3.24,2.29,3.57,5.35,6.01,6.07
951,Aiken,33.58,-81.6,36.11,46.0,40.0,5.7,US,1596307608.0,4.16,2.77,4.34,4.32,5.59,5.59
952,Kokomo,40.49,-86.13,21.11,100.0,90.0,4.6,US,1596307538.0,2.34,1.7,2.86,4.65,5.42,5.55
953,El Fuerte,26.42,-108.62,34.64,46.0,0.0,1.73,MX,1596307608.0,,,,,,
954,Middleton,53.55,-2.2,17.22,57.0,3.0,1.34,GB,1596307537.0,,,,,,
955,Etchoropo,26.77,-109.67,35.56,50.0,0.0,4.92,MX,1596307608.0,,,,,,
956,Vancouver,49.25,-123.12,21.67,68.0,20.0,6.2,CA,1596307336.0,,,,,,
957,Chubbuck,42.92,-112.47,33.33,18.0,1.0,2.1,US,1596307609.0,2.45,1.45,2.68,7.93,6.58,6.89
958,Niagara Falls,43.1,-79.07,31.11,35.0,1.0,4.6,CA,1596307385.0,1.43,1.32,2.1,4.79,5.27,5.43
959,Nelson,-41.28,173.28,10.56,88.0,100.0,0.89,NZ,1596307609.0,,,,,,
960,Waseca,44.08,-93.51,26.11,57.0,1.0,1.5,US,1596307454.0,2.17,1.42,2.6,5.11,5.35,5.58
961,Rock Sound,24.9,-76.2,29.09,77.0,100.0,13.58,BS,1596307609.0,,,,,,
962,Viesca,25.35,-102.8,30.0,51.0,75.0,3.1,MX,1596307609.0,,,,,,
963,Bloomingdale,27.89,-82.24,35.56,56.0,40.0,3.1,US,1596307609.0,5.19,3.62,5.17,4.26,5.47,5.4
964,El Paso,31.76,-106.49,34.0,30.0,20.0,2.1,US,1596307388.0,6.79,3.78,5.8,6.59,6.58,6.35
965,Holt,42.64,-84.52,24.0,69.0,40.0,4.6,US,1596307311.0,1.96,1.47,2.51,4.49,5.26,5.43
966,Lubbock,33.6,-101.83,32.78,29.0,20.0,2.6,US,1596307610.0,5.72,3.27,5.36,6.76,6.64,6.66
967,Searcy,35.25,-91.74,28.0,58.0,75.0,3.1,US,1596307610.0,3.3,2.3,3.63,5.57,6.04,6.11
968,Melita,49.27,-101.0,23.33,55.0,62.0,2.68,CA,1596307610.0,,,,,,
969,Two Rivers,44.15,-87.57,24.0,69.0,1.0,3.1,US,1596307610.0,2.35,1.51,2.82,4.68,5.21,5.43
970,Castle Rock,39.37,-104.86,30.0,23.0,0.0,0.45,US,1596307337.0,5.07,2.56,4.82,6.65,6.12,6.28
971,Forest Hills,42.96,-85.49,25.56,73.0,90.0,3.6,US,1596307611.0,2.11,1.5,2.63,4.47,5.21,5.39
972,Clemson,34.68,-82.84,33.33,55.0,20.0,2.1,US,1596307611.0,4.42,2.74,4.46,4.89,5.88,5.92
973,Andros Town,24.7,-77.77,30.07,70.0,100.0,14.99,BS,1596307611.0,,,,,,
974,Hendersonville,36.3,-86.62,28.0,83.0,90.0,3.1,US,1596307611.0,3.05,2.17,3.44,4.91,5.74,5.8
975,Caldwell,43.66,-116.69,30.56,28.0,1.0,3.1,US,1596307611.0,2.51,1.48,2.78,8.61,6.84,7.24
976,Nadadores,27.05,-101.6,29.0,51.0,40.0,3.37,MX,1596307611.0,,,,,,
977,Raymondville,26.48,-97.78,32.0,66.0,40.0,3.1,US,1596307612.0,3.53,3.08,4.1,5.3,6.07,5.94
978,Starkville,33.45,-88.82,29.0,61.0,40.0,4.1,US,1596307507.0,3.57,2.52,3.85,4.91,5.84,5.86
979,Kelso,46.15,-122.91,18.89,77.0,90.0,2.1,US,1596307612.0,1.53,1.11,2.0,5.11,5.32,5.63
980,,,,,,,,,,,,,,,
981,Port Townsend,48.12,-122.76,20.0,72.0,90.0,2.77,US,1596307612.0,1.5,1.02,1.96,4.96,5.21,5.58
982,Clifton,40.86,-74.16,33.89,40.0,20.0,2.1,US,1596307427.0,3.33,2.03,3.7,4.17,5.15,5.26
983,Québec,46.81,-71.21,27.78,57.0,40.0,2.1,CA,1596307589.0,,,,,,
984,Waynesboro,38.07,-78.89,30.0,74.0,90.0,2.1,US,1596307543.0,4.05,2.37,4.15,4.41,5.41,5.46
985,Grass Valley,39.22,-121.06,32.22,11.0,1.0,2.6,US,1596307613.0,3.2,2.08,3.6,8.94,7.3,7.54
986,Caborca,30.58,-111.1,35.0,38.0,0.0,0.89,MX,1596307613.0,,,,,,
987,Alma,48.55,-71.65,28.89,69.0,20.0,2.1,CA,1596307504.0,,,,,,
988,Gloucester,51.87,-2.24,18.89,54.0,27.0,4.02,GB,1596307388.0,,,,,,
989,Martinsville,36.69,-79.87,31.67,62.0,40.0,2.1,US,1596307613.0,4.13,2.5,4.23,4.58,5.58,5.63
990,Fergus Falls,46.28,-96.08,24.44,64.0,40.0,6.7,US,1596307613.0,1.96,1.27,2.42,5.59,5.47,5.8
991,Saraland,30.82,-88.07,32.78,70.0,62.0,2.98,US,1596307614.0,3.85,2.84,4.15,4.39,5.56,5.52
992,Cairo,30.06,31.25,33.0,33.0,0.0,4.6,EG,1596307517.0,,,,,,
993,Mashpee,41.65,-70.48,29.44,54.0,40.0,3.6,US,1596307614.0,2.92,1.84,3.36,4.36,5.22,5.37
994,Brantford,43.13,-80.27,30.0,54.0,75.0,6.2,CA,1596307468.0,,,,,,
995,Jesup,31.61,-81.89,35.0,39.0,40.0,1.31,US,1596307614.0,4.21,2.94,4.42,4.35,5.6,5.57
996,Potam,27.6,-110.38,34.0,46.0,75.0,4.1,MX,1596307614.0,,,,,,
997,Woodburn,45.14,-122.86,22.78,64.0,20.0,0.88,US,1596307615.0,1.51,1.18,2.04,6.19,5.9,6.27
998,Somerton,32.6,-114.71,40.0,29.0,1.0,8.2,US,1596307615.0,6.43,3.65,5.94,7.85,6.94,6.93
999,Oskaloosa,41.3,-92.64,28.0,54.0,54.0,3.46,US,1596307615.0,2.7,1.78,3.13,5.12,5.48,5.63
