,City,Lat,Lng,Max_Temp,Humidity,Cloudiness,Wind_Speed,Country,Date,Ave DNI,Ave GHI,Ave Lat Tilt
0,Fortuna,40.6,-124.16,21.11,69.0,12.0,1.34,US,1596240277.0,4.16,4.1,4.75
1,Elizabeth City,36.29,-76.25,32.0,70.0,40.0,3.1,US,1596240459.0,4.91,4.46,5.18
2,Guerrero Negro,27.98,-114.06,29.38,47.0,0.0,6.03,MX,1596240459.0,,,
3,Sault Ste. Marie,46.52,-84.33,25.0,53.0,1.0,3.1,CA,1596240459.0,3.72,3.58,4.1
4,Grand Forks,47.93,-97.03,27.0,54.0,75.0,4.1,US,1596240240.0,3.98,3.6,4.29
5,Escanaba,45.75,-87.06,24.44,76.0,32.0,0.89,US,1596240459.0,3.84,3.69,4.33
6,Jupiter,26.93,-80.09,30.0,70.0,1.0,5.1,US,1596240459.0,4.69,4.99,5.44
7,Hurricane,37.18,-113.29,42.22,9.0,12.0,3.58,US,1596240288.0,7.47,5.48,6.48
8,Chalmette,29.94,-89.96,32.22,52.0,1.0,5.7,US,1596240460.0,4.13,4.58,5.04
9,Hays,30.05,-98.03,31.0,43.0,1.0,4.1,US,1596240460.0,4.71,4.71,5.17
10,Jonesboro,35.84,-90.7,28.89,62.0,14.0,8.94,US,1596240396.0,4.38,4.4,4.98
11,Hermiston,45.84,-119.29,41.0,12.0,1.0,8.2,US,1596240460.0,5.21,4.34,5.14
12,Saint George,37.1,-113.58,43.33,8.0,1.0,7.2,US,1596240320.0,7.5,5.53,6.56
13,Clarksburg,39.28,-80.34,27.0,74.0,75.0,3.1,US,1596240329.0,3.61,3.91,4.45
14,Cockburn Town,21.46,-71.14,28.21,83.0,100.0,12.22,TC,1596240460.0,,,
15,Nantucket,41.28,-70.1,22.0,88.0,90.0,3.1,US,1596240461.0,3.55,3.88,4.47
16,Las Cruces,32.31,-106.78,36.67,20.0,1.0,2.6,US,1596240325.0,7.57,5.85,6.76
17,Barraute,48.43,-77.63,25.0,53.0,20.0,2.6,CA,1596240262.0,,,
18,Cañon City,38.44,-105.24,28.0,37.0,40.0,4.6,US,1596240461.0,6.61,4.94,6.0
19,Lompoc,34.64,-120.46,20.56,68.0,5.0,5.1,US,1596240248.0,5.84,5.23,6.04
20,Bagotville,-28.98,153.42,15.0,87.0,90.0,3.6,AU,1596240461.0,,,
21,Brigantine,39.41,-74.36,25.0,83.0,90.0,2.1,US,1596240461.0,4.17,4.14,4.85
22,Estelle,29.85,-90.11,32.22,66.0,20.0,3.1,US,1596240462.0,4.41,4.71,5.19
23,Morro Bay,35.37,-120.85,33.33,62.0,15.0,3.13,US,1596240462.0,5.09,4.86,5.59
24,Corvallis,44.56,-123.26,28.89,47.0,1.0,8.2,US,1596240286.0,3.96,3.82,4.35
25,Pacific Grove,36.62,-121.92,23.33,53.0,1.0,3.1,US,1596240420.0,4.58,4.5,5.19
26,Bartlesville,36.75,-95.98,27.22,65.0,1.0,3.6,US,1596240462.0,4.79,4.47,5.15
27,Havelock,34.88,-76.9,29.44,83.0,55.0,3.58,US,1596240462.0,4.46,4.46,5.11
28,Winslow,35.02,-110.7,39.0,7.0,1.0,2.6,US,1596240462.0,7.68,5.59,6.57
29,Pascagoula,30.37,-88.56,31.0,70.0,1.0,2.1,US,1596240463.0,4.59,4.83,5.35
30,Coburg,50.27,10.97,18.89,51.0,0.0,0.45,DE,1596240026.0,,,
31,Corinth,37.94,22.96,28.33,41.0,0.0,0.45,GR,1596240309.0,,,
32,Miles City,46.41,-105.84,30.0,30.0,1.0,8.2,US,1596240463.0,4.93,4.02,4.87
33,Rincon,32.3,-81.24,34.0,56.0,20.0,4.6,US,1596240460.0,4.65,4.68,5.27
34,Southampton,50.9,-1.4,18.89,72.0,97.0,1.34,GB,1596240463.0,,,
35,Rock Springs,41.59,-109.2,32.0,11.0,1.0,1.5,US,1596240463.0,6.19,4.66,5.57
36,Port Hardy,50.7,-127.42,22.0,60.0,40.0,3.6,CA,1596240095.0,,,
37,Evanston,42.04,-87.69,24.0,57.0,75.0,6.7,US,1596240464.0,3.66,3.84,4.46
38,Hobe Sound,27.06,-80.14,31.0,66.0,20.0,4.1,US,1596240212.0,4.8,4.99,5.46
39,Ledyard Center,41.44,-72.01,25.0,83.0,1.0,2.1,US,1596240464.0,3.85,3.9,4.61
40,Eustis,28.85,-81.69,30.0,74.0,40.0,4.1,US,1596240305.0,4.84,4.93,5.46
41,Chanute,37.68,-95.46,27.0,54.0,1.0,4.6,US,1596240271.0,4.71,4.38,5.06
42,Hope,33.67,-93.59,29.44,63.0,67.0,1.34,US,1596240090.0,4.46,4.49,5.02
43,Fort Morgan,40.25,-103.8,32.0,14.0,1.0,8.2,US,1596240465.0,5.91,4.82,5.73
44,Warrington,53.39,-2.58,17.22,77.0,96.0,3.6,GB,1596240465.0,,,
45,Stuttgart,48.78,9.18,21.0,60.0,0.0,1.0,DE,1596240248.0,,,
46,,,,,,,,,,,,
47,Timmins,48.47,-81.33,24.0,57.0,20.0,1.5,CA,1596239621.0,,,
48,Alma,48.55,-71.65,24.0,60.0,75.0,1.0,CA,1596240377.0,,,
49,Grandview,38.89,-94.53,24.44,57.0,1.0,3.6,US,1596240395.0,4.57,4.26,4.96
50,Fallon,39.47,-118.78,37.22,7.0,1.0,2.1,US,1596240168.0,7.18,5.27,6.27
51,Houma,29.6,-90.72,31.11,62.0,5.0,3.6,US,1596240379.0,4.4,4.71,5.19
52,Price,39.6,-110.81,38.0,8.0,1.0,4.6,US,1596240285.0,6.46,4.88,5.82
53,Billings Metropolitan Area,45.78,-108.5,33.33,22.0,20.0,9.3,US,1596240466.0,5.08,4.1,4.98
54,Worland,44.02,-107.96,35.0,13.0,1.0,3.1,US,1596240466.0,5.67,4.5,5.43
55,Marsh Harbour,26.54,-77.06,28.64,70.0,19.0,11.44,BS,1596240314.0,,,
56,Union City,37.6,-122.02,26.11,60.0,1.0,5.7,US,1596240241.0,5.35,5.0,5.72
57,Alamosa,37.47,-105.87,29.0,12.0,20.0,4.6,US,1596240466.0,7.67,5.38,6.45
58,Naples,40.83,14.25,26.0,83.0,0.0,1.5,IT,1596240467.0,,,
59,Bow Island,49.87,-111.37,32.0,33.0,40.0,5.1,CA,1596240467.0,,,
60,Minot,48.23,-101.3,26.11,57.0,1.0,5.1,US,1596240181.0,4.4,3.74,4.54
61,Santa Isabel,-23.32,-46.22,17.0,87.0,90.0,3.1,BR,1596240467.0,,,
62,Payson,40.04,-111.73,39.44,8.0,1.0,4.89,US,1596240467.0,5.93,4.72,5.46
63,West Fargo,46.88,-96.9,28.0,61.0,20.0,3.6,US,1596240467.0,4.11,3.71,4.4
64,Alexander City,32.94,-85.95,28.33,74.0,75.0,6.2,US,1596240344.0,4.44,4.55,5.12
65,Chapleau,47.84,-83.4,25.0,47.0,20.0,0.94,CA,1596240468.0,,,
66,Topeka,39.05,-95.68,26.11,57.0,75.0,2.6,US,1596240468.0,4.71,4.31,5.06
67,Bluefield,37.27,-81.22,23.0,83.0,75.0,1.5,US,1596240371.0,4.36,4.08,4.73
68,Lakeway,30.36,-97.98,24.0,88.0,1.0,1.3,US,1596240468.0,4.82,4.76,5.24
69,Mt. Pleasant,32.79,-79.86,30.0,79.0,1.0,6.7,US,1596240423.0,4.87,4.78,5.4
70,Valley,45.13,-116.13,34.0,15.0,1.0,3.32,US,1596240468.0,4.9,4.03,4.67
71,Ardmore,34.17,-97.14,30.0,37.0,1.0,3.6,US,1596240468.0,5.08,4.69,5.33
72,Oneonta,42.45,-75.06,24.44,70.0,32.0,1.83,US,1596240469.0,3.44,3.65,4.21
73,Medford,42.33,-122.88,35.56,17.0,1.0,6.2,US,1596240469.0,5.34,4.54,5.23
74,Little Current,45.98,-81.92,26.0,50.0,1.0,2.1,CA,1596240469.0,,,
75,Portales,34.19,-103.33,30.56,35.0,1.0,4.6,US,1596240469.0,6.75,5.45,6.32
76,Vidalia,32.22,-82.41,27.0,65.0,1.0,3.56,US,1596240361.0,4.73,4.74,5.32
77,Cumberland,35.05,-78.87,33.0,59.0,20.0,5.1,US,1596240469.0,4.55,4.5,5.16
78,Guadalupe y Calvo,26.1,-106.97,19.39,81.0,96.0,0.79,MX,1596240469.0,,,
79,Old Orchard Beach,43.52,-70.38,23.89,76.0,8.0,0.45,US,1596240380.0,4.03,3.8,4.56
80,Winnemucca,40.97,-117.74,39.0,4.0,20.0,5.7,US,1596240330.0,6.56,4.96,5.88
81,West Plains,36.73,-91.85,22.0,94.0,90.0,4.6,US,1596240470.0,4.45,4.34,4.96
82,City of Saint Peters,38.8,-90.63,20.0,82.0,90.0,4.6,US,1596240470.0,4.4,4.23,4.89
83,,,,,,,,,,,,
84,Batavia,41.85,-88.31,24.44,53.0,1.0,5.1,US,1596240181.0,3.72,3.87,4.46
85,Clearwater,27.97,-82.8,31.67,66.0,40.0,4.6,US,1596240470.0,5.19,5.13,5.68
86,Bon Air,37.52,-77.56,26.0,100.0,75.0,2.1,US,1596240340.0,4.38,4.3,5.0
87,San Luis Obispo,35.28,-120.66,24.0,50.0,1.0,7.2,US,1596240471.0,6.31,5.34,6.17
88,Ashland,40.82,-82.27,24.44,69.0,20.0,4.1,US,1596240471.0,3.49,3.84,4.35
89,Kelowna,49.88,-119.49,35.56,29.0,1.0,1.78,CA,1596239860.0,,,
90,Macamic,48.75,-79.0,25.0,57.0,40.0,3.1,CA,1596240471.0,,,
91,Stephenville,32.22,-98.2,32.22,33.0,1.0,3.1,US,1596240471.0,5.38,4.91,5.52
92,Ciudad General Terán,25.27,-99.68,34.52,40.0,4.0,3.67,MX,1596240471.0,,,
93,Lively,46.43,-81.15,24.44,53.0,75.0,2.1,CA,1596240472.0,,,
94,Santa Catarina de Tepehuanes,25.35,-105.73,25.28,43.0,37.0,5.96,MX,1596240472.0,,,
95,Ignacio Zaragoza,28.38,-107.22,27.78,35.0,0.0,3.13,MX,1596240472.0,,,
96,Progreso,21.28,-89.67,30.0,70.0,75.0,3.1,MX,1596240186.0,,,
97,Brownwood,31.71,-98.99,33.0,31.0,1.0,3.1,US,1596240445.0,5.48,5.0,5.6
98,Ojinaga,29.57,-104.42,38.0,17.0,1.0,6.2,MX,1596240472.0,6.93,5.85,6.59
99,Sunbury,-37.58,144.73,11.11,76.0,75.0,11.3,AU,1596240330.0,,,
100,Lenoir,35.23,-77.65,34.0,56.0,40.0,4.6,US,1596240473.0,4.39,4.43,5.08
101,Panama City,8.99,-79.52,29.0,74.0,75.0,3.1,PA,1596240473.0,,,
102,Rathdrum,47.81,-116.89,40.56,21.0,1.0,3.6,US,1596240473.0,4.64,3.83,4.58
103,Tallahassee,30.44,-84.28,29.44,94.0,75.0,2.6,US,1596240379.0,4.94,4.79,5.35
104,Brookfield,43.06,-88.11,23.33,46.0,5.0,2.6,US,1596240422.0,3.79,3.83,4.47
105,Owatonna,44.08,-93.23,26.11,53.0,1.0,1.5,US,1596240473.0,4.05,3.84,4.48
106,Port Townsend,48.12,-122.76,21.67,64.0,1.0,4.6,US,1596240473.0,3.24,3.37,3.93
107,Garden City,42.33,-83.33,29.0,50.0,75.0,3.1,US,1596240474.0,3.61,3.84,4.41
108,Burlington,39.88,-74.64,27.0,74.0,1.0,2.1,US,1596239927.0,4.0,4.03,4.75
109,Thessalon,46.25,-83.57,24.0,53.0,1.0,1.63,CA,1596240474.0,3.68,3.58,4.11
110,Lexington,37.99,-84.48,26.0,74.0,75.0,2.6,US,1596240417.0,3.99,4.11,4.67
111,Fort Frances,48.6,-93.4,28.89,42.0,1.0,1.78,CA,1596240474.0,3.89,3.52,4.25
112,Sedona,34.87,-111.76,41.67,9.0,1.0,4.1,US,1596240474.0,7.64,5.55,6.49
113,Brainerd,46.36,-94.2,28.0,42.0,1.0,2.1,US,1596240474.0,4.11,3.73,4.51
114,Eureka,40.8,-124.16,20.0,38.0,23.0,0.89,US,1596240209.0,3.85,3.95,4.57
115,Marion,39.77,-86.16,26.0,57.0,90.0,4.6,US,1596240359.0,3.88,4.01,4.6
116,Sandpoint,48.28,-116.55,37.22,23.0,1.0,1.5,US,1596240475.0,4.53,3.76,4.48
117,Livingston,55.9,-3.52,17.22,93.0,40.0,4.6,GB,1596240475.0,,,
118,Redlands,34.06,-117.18,42.0,12.0,20.0,4.1,US,1596240455.0,6.78,5.51,6.31
119,Alpena,45.06,-83.43,26.0,44.0,1.0,3.1,US,1596240475.0,3.9,3.72,4.33
120,Rochester,43.15,-77.62,26.0,41.0,20.0,2.6,US,1596240475.0,3.82,3.76,4.34
121,South Venice,27.05,-82.42,31.67,70.0,1.0,4.6,US,1596240476.0,5.53,5.32,5.87
122,Marquette,46.53,-87.63,21.67,60.0,0.0,1.7,US,1596240476.0,3.92,3.62,4.31
123,Wilmington,34.23,-77.94,32.0,62.0,1.0,7.2,US,1596240361.0,4.51,4.52,5.15
124,Huron,41.15,-82.55,24.44,68.0,80.0,3.33,US,1596240476.0,3.46,3.81,4.3
125,Oak Harbor,48.29,-122.64,20.56,68.0,75.0,6.7,US,1596240357.0,3.21,3.38,3.92
126,,,,,,,,,,,,
127,Beaupré,47.04,-70.9,22.78,82.0,88.0,2.6,CA,1596240477.0,,,
128,Cochrane,51.18,-114.47,27.0,51.0,40.0,7.2,CA,1596239843.0,,,
129,San Quintín,30.48,-115.95,25.7,56.0,1.0,3.21,MX,1596240477.0,,,
130,Helena,46.59,-112.04,34.44,17.0,1.0,3.1,US,1596240477.0,5.04,3.99,4.91
131,Grants,35.15,-107.85,34.0,8.0,1.0,3.6,US,1596240388.0,7.36,5.37,6.34
132,Nacozari,25.34,-108.26,28.89,81.0,74.0,1.34,MX,1596240477.0,,,
133,Tifton,31.45,-83.51,26.0,94.0,1.0,1.5,US,1596240477.0,4.68,4.78,5.33
134,Truth or Consequences,33.13,-107.25,36.0,18.0,1.0,1.5,US,1596240478.0,7.75,5.78,6.75
135,Watertown,42.37,-71.18,26.11,57.0,20.0,3.1,US,1596240324.0,3.69,3.8,4.49
136,Rockledge,28.35,-80.73,30.0,74.0,1.0,5.7,US,1596240478.0,5.1,5.01,5.53
137,Kapuskasing,49.42,-82.43,26.0,44.0,40.0,1.97,CA,1596240304.0,,,
138,Sioux Lookout,50.1,-91.92,28.0,39.0,40.0,3.6,CA,1596240478.0,,,
139,Thunder Bay,48.4,-89.32,26.0,41.0,20.0,5.1,CA,1596240260.0,,,
140,Grants Pass,42.44,-123.33,34.0,20.0,1.0,2.6,US,1596240478.0,5.05,4.42,5.02
141,Lake Charles,30.21,-93.2,31.67,70.0,75.0,5.7,US,1596240409.0,4.25,4.58,5.02
142,Van Buren,35.44,-94.35,26.0,65.0,90.0,7.7,US,1596240479.0,4.62,4.42,5.02
143,Hermitage,41.23,-80.45,27.0,51.0,40.0,4.1,US,1596240353.0,3.37,3.74,4.25
144,Medicine Hat,50.05,-110.67,32.0,33.0,40.0,5.1,CA,1596240479.0,,,
145,Whitefish,48.41,-114.34,36.0,23.0,1.0,2.6,US,1596240325.0,4.54,3.71,4.5
146,Kingsland,30.8,-81.69,32.22,71.0,53.0,2.28,US,1596240479.0,4.64,4.75,5.28
147,Ucluelet,48.93,-125.55,16.67,87.0,75.0,5.1,CA,1596240479.0,,,
148,Cullman,34.17,-86.84,23.33,94.0,40.0,4.1,US,1596240338.0,4.28,4.42,4.99
149,Pacifica,37.61,-122.49,22.22,59.0,20.0,8.2,US,1596240480.0,3.84,4.27,4.84
150,Paris,48.85,2.35,26.11,64.0,13.0,4.6,FR,1596239943.0,,,
151,Show Low,34.25,-110.03,35.0,7.0,1.0,3.1,US,1596240451.0,7.53,5.48,6.4
152,Alfred,42.25,-77.79,26.0,68.0,1.0,2.6,US,1596240480.0,3.52,3.7,4.25
153,Caborca,30.58,-111.1,38.89,47.0,0.0,5.02,MX,1596240480.0,,,
154,Hayden,47.77,-116.79,39.44,21.0,1.0,3.6,US,1596240303.0,4.52,3.79,4.52
155,Caldwell,43.66,-116.69,40.56,20.0,1.0,4.6,US,1596240481.0,5.9,4.61,5.47
156,Scottsbluff,41.87,-103.67,32.0,24.0,1.0,2.1,US,1596240481.0,5.67,4.59,5.53
157,Butler,39.45,-84.57,27.0,65.0,90.0,3.24,US,1596240445.0,3.92,4.04,4.62
158,Hobbs,32.7,-103.14,31.11,31.0,5.0,4.1,US,1596240481.0,6.7,5.54,6.15
159,Valley City,46.92,-98.0,26.0,78.0,90.0,5.1,US,1596240308.0,4.18,3.74,4.43
160,Gillette,44.29,-105.5,32.0,22.0,1.0,2.1,US,1596240481.0,5.32,4.27,5.13
161,Bloomfield,40.81,-74.19,29.0,51.0,1.0,2.29,US,1596240250.0,3.86,3.94,4.65
162,Douglas,41.3,-96.17,26.67,47.0,1.0,3.6,US,1596240482.0,4.5,4.16,4.92
163,Richmond Hill,43.87,-79.44,27.22,54.0,40.0,0.45,CA,1596240453.0,,,
164,Camargo,27.67,-105.17,32.53,30.0,94.0,3.44,MX,1596240482.0,,,
165,Newport,51.59,-3.0,17.78,91.0,83.0,0.45,GB,1596240409.0,,,
166,Dillon,34.42,-79.37,31.11,70.0,1.0,2.1,US,1596240482.0,4.61,4.57,5.22
167,Pampa,35.54,-100.96,31.0,20.0,1.0,7.7,US,1596240449.0,6.21,5.13,5.99
168,Eugene,44.05,-123.09,31.0,27.0,40.0,6.7,US,1596240483.0,4.46,3.93,4.48
169,George Town,5.41,100.34,25.0,94.0,20.0,1.0,MY,1596240483.0,,,
170,Boulder,40.08,-105.35,26.0,49.0,1.0,3.1,US,1596240483.0,5.63,4.41,5.34
171,Pierre,44.37,-100.35,32.0,33.0,20.0,11.3,US,1596240483.0,4.85,4.14,5.0
172,Paducah,37.08,-88.6,27.0,74.0,75.0,2.6,US,1596240483.0,4.22,4.27,4.85
173,Springville,40.17,-111.61,39.44,8.0,1.0,4.82,US,1596240483.0,6.0,4.76,5.51
174,Madoc,44.51,-77.47,27.78,63.0,70.0,0.89,CA,1596240484.0,,,
175,Saint-Michel-des-Saints,46.68,-73.92,22.78,7.0,5.0,1.25,CA,1596240484.0,,,
176,San Angelo,31.46,-100.44,34.0,34.0,1.0,3.6,US,1596240484.0,5.69,5.17,5.79
177,Flagstaff,35.2,-111.65,33.33,10.0,1.0,2.1,US,1596240417.0,7.6,5.39,6.33
178,Parry Sound,45.35,-80.03,25.0,58.0,20.0,3.01,CA,1596240484.0,,,
179,Bellevue,47.61,-122.2,29.44,39.0,1.0,1.5,US,1596240281.0,3.41,3.35,3.85
180,Sunrise Manor,36.21,-115.07,45.0,8.0,1.0,5.1,US,1596240484.0,7.36,5.62,6.62
181,Campbell River,50.02,-125.24,24.0,50.0,75.0,6.7,CA,1596240007.0,,,
182,Amos,48.57,-78.12,25.0,53.0,20.0,2.6,CA,1596240485.0,,,
183,Oswego,43.45,-76.15,27.0,51.0,1.0,2.6,US,1596240485.0,3.81,3.74,4.26
184,Aberdeen,57.14,-2.1,15.0,87.0,84.0,2.1,GB,1596240485.0,,,
185,Bismarck,46.81,-100.78,29.0,42.0,1.0,6.2,US,1596240400.0,4.42,3.87,4.65
186,Rancho Palos Verdes,33.74,-118.39,24.44,60.0,5.0,7.2,US,1596240485.0,5.3,5.16,5.88
187,Plainfield,40.62,-74.42,27.0,65.0,1.0,2.17,US,1596240485.0,3.87,3.95,4.64
188,Bend,44.06,-121.32,33.89,23.0,0.0,4.02,US,1596240486.0,5.77,4.48,5.39
189,Rapid Valley,44.06,-103.15,32.0,19.0,1.0,2.29,US,1596240238.0,5.32,4.3,5.28
190,Hamilton,39.18,-84.53,26.67,83.0,90.0,3.15,US,1596240486.0,4.03,4.08,4.68
191,Rio Rancho,35.23,-106.66,35.0,22.0,40.0,2.6,US,1596240486.0,7.53,5.59,6.59
192,Brownsville,25.9,-97.5,32.78,62.0,1.0,5.7,US,1596240486.0,4.26,4.86,5.17
193,Praxédis Guerrero,31.37,-106.02,37.0,19.0,20.0,4.07,MX,1596240486.0,7.17,5.8,6.45
194,Atlantic Beach,30.33,-81.4,31.0,83.0,1.0,6.2,US,1596240486.0,4.64,4.82,5.35
195,Spanish Fork,40.12,-111.65,39.44,9.0,1.0,1.5,US,1596240487.0,6.0,4.76,5.51
196,Oil City,41.43,-79.71,27.0,44.0,1.0,2.6,US,1596240487.0,3.4,3.72,4.24
197,State of Wyoming,43.0,-107.5,31.67,21.0,0.0,2.24,US,1596240380.0,5.91,4.54,5.44
198,Pelham,33.29,-86.81,24.0,100.0,40.0,2.6,US,1596240487.0,4.33,4.5,5.06
199,North Bend,43.41,-124.22,16.0,82.0,90.0,3.6,US,1596240391.0,3.77,3.82,4.4
200,Fountain,38.68,-104.7,29.0,23.0,40.0,3.6,US,1596240487.0,6.4,5.0,6.01
201,Deep River,46.1,-77.5,26.0,54.0,1.0,1.83,CA,1596240488.0,,,
202,Weyburn,49.67,-103.85,26.67,45.0,14.0,4.92,CA,1596240488.0,,,
203,Fairmont,39.49,-80.14,28.33,63.0,22.0,1.45,US,1596240488.0,3.57,3.89,4.43
204,Dunmore Town,25.5,-76.65,27.11,71.0,78.0,17.58,BS,1596240488.0,,,
205,Summerville,33.02,-80.18,31.67,74.0,1.0,3.62,US,1596240402.0,4.6,4.62,5.22
206,Wawa,9.9,4.42,22.31,95.0,41.0,2.61,NG,1596240488.0,,,
207,Orillia,44.61,-79.42,25.0,72.0,27.0,3.21,CA,1596240489.0,,,
208,Lamar,33.67,-95.58,30.0,55.0,40.0,4.1,US,1596240323.0,4.75,4.57,5.14
209,Emporia,38.4,-96.18,27.0,61.0,1.0,3.6,US,1596240489.0,4.83,4.41,5.14
210,Dumas,35.87,-101.97,30.56,34.0,1.0,3.5,US,1596240489.0,6.4,5.22,6.12
211,Marshfield,44.67,-90.17,24.44,60.0,1.0,2.03,US,1596240357.0,3.87,3.75,4.4
212,Uniontown,39.9,-79.72,26.11,52.0,18.0,1.54,US,1596240489.0,3.42,3.81,4.33
213,Wenatchee,47.42,-120.31,39.44,22.0,1.0,3.1,US,1596240489.0,4.59,4.05,4.84
214,Elko,41.0,-115.5,37.0,5.0,75.0,4.6,US,1596240490.0,6.41,4.84,5.69
215,Chihuahua,28.5,-106.0,34.0,23.0,40.0,4.1,MX,1596240419.0,,,
216,Cuencamé de Ceniceros,24.87,-103.7,27.0,43.0,100.0,4.23,MX,1596240490.0,,,
217,Gainesville,29.65,-82.32,32.0,59.0,20.0,4.1,US,1596240311.0,4.63,4.79,5.32
218,Elk Grove,38.41,-121.37,35.0,13.0,5.0,4.1,US,1596240490.0,5.76,5.07,5.75
219,Saint Simons,31.14,-81.39,33.33,49.0,1.0,4.6,US,1596240490.0,4.91,4.9,5.47
220,El Sauzal de Rodríguez,31.9,-116.68,27.78,61.0,0.0,2.24,MX,1596240246.0,,,
221,Normandin,48.83,-72.53,24.0,60.0,75.0,1.0,CA,1596240491.0,,,
222,Ukiah,39.15,-123.21,33.0,19.0,1.0,3.1,US,1596240491.0,5.97,4.96,5.69
223,Los Lunas,34.81,-106.73,34.0,16.0,1.0,3.1,US,1596240491.0,7.63,5.64,6.63
224,Corning,42.14,-77.05,25.0,57.0,1.0,2.6,US,1596240491.0,3.6,3.74,4.33
225,Arkansas City,37.06,-97.04,28.0,54.0,20.0,6.2,US,1596240491.0,5.08,4.59,5.32
226,Wahpeton,46.27,-96.61,27.0,61.0,1.0,4.6,US,1596240491.0,4.27,3.79,4.48
227,Seal Beach,33.74,-118.1,36.0,35.0,1.0,4.1,US,1596240491.0,5.16,5.18,5.89
228,Alamogordo,32.9,-105.96,35.0,19.0,1.0,3.6,US,1596240492.0,7.32,5.69,6.6
229,Pittsfield,42.45,-73.25,24.0,60.0,1.0,2.1,US,1596240492.0,3.57,3.69,4.31
230,Socorro,31.65,-106.3,37.0,20.0,20.0,4.1,US,1596240260.0,7.35,5.86,6.72
231,Taft,31.75,54.21,29.0,28.0,40.0,5.1,IR,1596240492.0,,,
232,Glendive,47.11,-104.71,28.89,48.0,1.0,3.6,US,1596240492.0,5.01,4.04,4.97
233,Williston,48.15,-103.62,28.33,49.0,34.0,1.79,US,1596240326.0,4.51,3.82,4.62
234,High Rock,26.62,-78.28,31.0,70.0,20.0,7.2,BS,1596240493.0,,,
235,Liberal,37.04,-100.92,30.0,37.0,20.0,3.6,US,1596240493.0,6.07,5.01,5.89
236,North Bay,46.32,-79.47,26.0,44.0,20.0,1.0,CA,1596240493.0,,,
237,Central Point,42.38,-122.92,35.56,17.0,1.0,6.2,US,1596240493.0,5.25,4.49,5.18
238,Rodolfo Sánchez Taboada,31.72,-116.57,30.0,36.0,0.0,1.34,MX,1596240493.0,,,
239,Virginia Beach,36.85,-75.98,26.67,88.0,90.0,2.1,US,1596240301.0,4.16,4.28,4.93
240,Pecos,31.42,-103.49,33.0,33.0,1.0,3.25,US,1596240493.0,6.61,5.59,6.34
241,Cedar City,37.68,-113.06,37.0,5.0,1.0,6.7,US,1596240494.0,7.21,5.26,6.17
242,Marinette,45.1,-87.63,24.0,60.0,1.0,2.1,US,1596240494.0,4.11,3.82,4.57
243,Petaluma,38.23,-122.64,24.44,53.0,1.0,3.1,US,1596240494.0,5.35,4.91,5.62
244,Chippewa Falls,44.94,-91.39,27.0,42.0,1.0,1.5,US,1596240494.0,3.88,3.73,4.39
245,Ridgecrest,35.62,-117.67,43.0,5.0,1.0,9.8,US,1596240312.0,8.4,5.88,6.94
246,Great Falls,47.5,-111.3,33.0,24.0,1.0,4.1,US,1596240226.0,4.91,3.94,4.85
247,Odesa,46.48,30.73,18.0,93.0,100.0,2.0,UA,1596240494.0,,,
248,Abbotsford,49.06,-122.25,26.0,50.0,40.0,7.7,CA,1596239964.0,,,
249,Lumberton,34.62,-79.01,32.0,70.0,1.0,3.1,US,1596240403.0,4.61,4.55,5.21
250,Cardston,49.2,-113.3,29.0,51.0,40.0,6.2,CA,1596240011.0,,,
251,Blind River,46.18,-82.96,26.0,50.0,1.0,2.1,CA,1596240495.0,,,
252,Valentín Gómez Farías,28.22,-106.58,30.27,26.0,1.0,5.76,MX,1596240495.0,,,
253,Midland,32.0,-102.08,33.33,29.0,1.0,4.6,US,1596240295.0,6.43,5.46,6.19
254,Williamsport,41.24,-77.0,31.0,29.0,1.0,4.1,US,1596240250.0,3.55,3.8,4.41
255,Lavaca,28.61,-96.63,33.0,66.0,1.0,5.1,US,1596240496.0,4.34,4.71,5.1
256,Lake City,30.19,-82.64,31.0,55.0,1.0,3.1,US,1596240252.0,4.68,4.8,5.34
257,Venice,27.1,-82.45,31.67,70.0,1.0,4.6,US,1596240496.0,5.53,5.32,5.87
258,Hibbing,47.43,-92.94,27.0,42.0,1.0,2.1,US,1596240496.0,4.0,3.61,4.39
259,Salina,38.84,-97.61,27.22,51.0,1.0,4.6,US,1596240496.0,5.08,4.51,5.31
260,Cheyenne,41.14,-104.82,28.0,28.0,1.0,6.2,US,1596240311.0,5.69,4.57,5.53
261,Elmira,42.09,-76.81,25.0,57.0,1.0,2.6,US,1596240432.0,3.56,3.74,4.32
262,Atikokan,48.76,-91.62,26.82,43.0,0.0,1.51,CA,1596240497.0,,,
263,Elsmere,39.01,-84.6,26.67,65.0,90.0,3.6,US,1596240447.0,4.0,4.07,4.67
264,Capreol,46.71,-80.92,24.44,53.0,75.0,2.1,CA,1596240497.0,,,
265,Bowling Green,36.99,-86.44,26.67,83.0,1.0,2.1,US,1596240497.0,4.06,4.2,4.77
266,Duluth,46.78,-92.11,28.0,54.0,1.0,3.1,US,1596240248.0,3.97,3.65,4.4
267,New Orleans,29.95,-90.08,32.22,52.0,1.0,5.7,US,1596240420.0,4.32,4.64,5.12
268,Opelousas,30.53,-92.08,30.56,74.0,1.0,3.1,US,1596240498.0,4.4,4.64,5.12
269,Lebanon,36.21,-86.29,29.0,79.0,1.0,2.6,US,1596240498.0,4.03,4.21,4.77
270,White Rock,49.02,-122.8,25.56,51.0,59.0,0.89,CA,1596240280.0,,,
271,Dyersburg,36.03,-89.39,28.0,74.0,20.0,3.1,US,1596240498.0,4.33,4.38,4.96
272,Elliot Lake,46.38,-82.63,26.0,50.0,1.0,2.1,CA,1596240498.0,,,
273,Saint-Ambroise,48.55,-71.33,24.0,60.0,75.0,1.5,CA,1596240498.0,,,
274,Isla Vista,34.41,-119.86,27.78,53.0,1.0,3.6,US,1596240498.0,5.98,5.21,6.0
275,St. Marys,30.73,-81.55,32.22,94.0,1.0,6.2,US,1596240499.0,4.67,4.78,5.32
276,Freeport,40.66,-73.58,26.67,78.0,75.0,2.6,US,1596240277.0,3.97,4.03,4.74
277,Empalme,27.97,-110.82,33.89,79.0,5.0,5.1,MX,1596240285.0,,,
278,Peachtree City,33.4,-84.6,32.0,55.0,1.0,2.6,US,1596240499.0,4.45,4.53,5.12
279,Nassau,40.75,-73.58,26.67,77.0,64.0,3.04,US,1596240499.0,3.86,3.97,4.65
280,Thetford Mines,46.09,-71.3,21.67,77.0,35.0,1.24,CA,1596240411.0,,,
281,Alice,27.75,-98.07,34.0,63.0,64.0,4.6,US,1596240499.0,4.51,4.82,5.19
282,San Felipe,10.34,-68.74,24.33,81.0,10.0,1.51,VE,1596240500.0,,,
283,Marathon,44.9,-89.77,25.0,50.0,20.0,1.78,US,1596240500.0,3.85,3.75,4.41
284,Fernandina Beach,30.67,-81.46,32.22,94.0,1.0,6.2,US,1596240500.0,4.8,4.86,5.41
285,Rosarito,32.33,-117.03,27.78,61.0,5.0,4.6,MX,1596240500.0,,,
286,Pleasanton,37.66,-121.87,31.67,25.0,1.0,7.2,US,1596240500.0,5.66,5.07,5.79
287,Temecula,33.49,-117.15,40.0,19.0,1.0,5.1,US,1596240376.0,6.34,5.45,6.22
288,Kennett,36.24,-90.06,28.0,74.0,90.0,4.1,US,1596240500.0,4.4,4.4,4.99
289,Santa Rosalía,27.32,-112.28,31.14,58.0,0.0,2.02,MX,1596240501.0,,,
290,Hutchinson,38.06,-97.93,27.22,51.0,20.0,5.1,US,1596240501.0,5.24,4.6,5.4
291,Conroe,30.31,-95.46,33.89,62.0,1.0,3.1,US,1596240501.0,4.19,4.53,4.96
292,Boone,39.03,-92.33,25.0,73.0,75.0,5.1,US,1596240501.0,4.5,4.23,4.92
293,Riverton,40.52,-111.94,38.33,12.0,16.0,0.45,US,1596240271.0,5.73,4.67,5.43
294,Mulegé,26.88,-111.98,33.26,50.0,0.0,3.12,MX,1596240501.0,,,
295,Solana Beach,32.99,-117.27,28.0,60.0,1.0,2.6,US,1596240300.0,4.89,4.96,5.66
296,Hattiesburg,31.33,-89.29,33.0,49.0,20.0,3.6,US,1596240341.0,4.46,4.66,5.17
297,Charter Township of Clinton,42.59,-82.92,27.22,57.0,40.0,5.1,US,1596240502.0,3.6,3.83,4.4
298,Parksville,49.32,-124.32,26.11,58.0,88.0,1.34,CA,1596240369.0,,,
299,Ciudad Sabinas Hidalgo,26.5,-100.17,32.76,52.0,84.0,4.94,MX,1596240502.0,,,
300,Guangzhou,23.12,113.25,30.0,66.0,40.0,6.0,CN,1596240380.0,,,
301,Klamath Falls,42.22,-121.78,33.33,11.0,1.0,3.1,US,1596240324.0,6.29,4.76,5.58
302,Morden,49.19,-98.1,27.0,73.0,40.0,5.7,CA,1596240130.0,,,
303,Wisconsin Rapids,44.38,-89.82,27.0,42.0,20.0,3.6,US,1596240503.0,3.97,3.79,4.51
304,Bastrop,32.76,-91.87,23.0,100.0,90.0,4.1,US,1596240503.0,4.47,4.58,5.11
305,Corpus Christi,27.8,-97.4,31.67,66.0,20.0,6.7,US,1596240436.0,4.44,4.82,5.18
306,Merrill,45.18,-89.68,25.0,50.0,40.0,2.1,US,1596240503.0,3.84,3.71,4.39
307,Athens,37.98,23.72,30.56,44.0,0.0,2.1,GR,1596240460.0,,,
308,Kenora,49.82,-94.43,24.0,64.0,90.0,3.1,CA,1596240410.0,,,
309,Hopatcong,40.93,-74.66,26.67,65.0,43.0,0.57,US,1596240504.0,3.79,3.9,4.57
310,Saint Augustine,29.89,-81.31,30.0,79.0,1.0,4.1,US,1596240304.0,4.79,4.86,5.4
311,Orange Cove,36.62,-119.31,38.0,21.0,1.0,4.05,US,1596240504.0,6.09,5.26,5.93
312,Kemptville,45.02,-75.64,26.11,68.0,9.0,1.84,CA,1596240504.0,,,
313,Harrison,30.41,-89.04,31.11,66.0,1.0,4.6,US,1596240504.0,4.51,4.73,5.24
314,Pahrump,36.21,-115.98,44.44,12.0,0.0,2.24,US,1596240347.0,7.94,5.71,6.74
315,Hull,53.74,-0.34,20.0,88.0,86.0,3.1,GB,1596240504.0,,,
316,Newton,42.34,-71.21,26.11,57.0,20.0,3.1,US,1596240305.0,3.83,3.83,4.57
317,Brigham City,41.51,-112.02,38.0,4.0,1.0,3.49,US,1596240397.0,5.99,4.71,5.49
318,Washington,47.5,-120.5,38.89,22.0,0.0,7.6,US,1596240474.0,4.78,4.07,4.92
319,Sulphur,30.24,-93.38,31.67,74.0,40.0,6.2,US,1596240505.0,4.25,4.55,5.0
320,Wakefield,53.68,-1.5,19.44,84.0,100.0,4.01,GB,1596240505.0,,,
321,Fort Myers,26.62,-81.84,30.56,78.0,75.0,2.1,US,1596240348.0,4.75,5.01,5.51
322,Arrondissement du Havre,49.58,0.33,18.0,100.0,90.0,3.6,FR,1596240505.0,,,
323,Ocala,29.19,-82.14,31.11,55.0,20.0,2.58,US,1596240506.0,4.7,4.84,5.37
324,,,,,,,,,,,,
325,Atchison,39.56,-95.12,26.11,65.0,40.0,3.6,US,1596240506.0,4.61,4.25,4.98
326,Carlsbad,33.16,-117.35,28.89,69.0,1.0,4.6,US,1596240506.0,5.06,5.0,5.72
327,Susanville,40.42,-120.65,35.0,5.0,1.0,6.7,US,1596240506.0,6.64,5.04,5.94
328,Columbus,39.96,-83.0,27.22,54.0,75.0,3.1,US,1596240506.0,3.63,3.91,4.46
329,Kalispell,48.2,-114.31,36.0,23.0,1.0,2.6,US,1596240507.0,4.54,3.76,4.52
330,Weatherford,32.76,-97.8,32.22,47.0,0.0,1.34,US,1596240353.0,5.27,4.84,5.46
331,Morgan City,29.7,-91.21,31.11,79.0,1.0,4.1,US,1596240507.0,4.55,4.77,5.25
332,Tooele,40.53,-112.3,37.78,19.0,1.0,5.7,US,1596240507.0,5.95,4.71,5.47
333,Rolla,37.95,-91.77,20.0,93.0,90.0,5.7,US,1596240480.0,4.45,4.26,4.91
334,Marshall,34.38,-86.33,25.56,83.0,1.0,3.6,US,1596240507.0,4.09,4.36,4.89
335,Iowa City,41.66,-91.53,27.0,44.0,1.0,4.6,US,1596240507.0,4.02,3.94,4.59
336,Greenwood,34.17,-82.12,31.11,66.0,1.0,3.1,US,1596240508.0,4.69,4.62,5.25
337,Mastic Beach,40.77,-72.85,25.0,78.0,40.0,3.1,US,1596240361.0,3.92,4.02,4.72
338,Steinbach am Taunus,50.17,8.57,26.67,47.0,0.0,3.1,DE,1596240508.0,,,
339,Coos Bay,43.37,-124.22,16.0,82.0,90.0,3.6,US,1596240508.0,3.85,3.81,4.4
340,Chambersburg,39.94,-77.66,27.78,74.0,35.0,0.63,US,1596240465.0,3.72,3.94,4.54
341,Cocorit,27.58,-109.97,33.0,46.0,75.0,5.1,MX,1596240508.0,,,
342,Arcata,40.87,-124.08,20.0,77.0,75.0,4.6,US,1596240450.0,3.8,3.93,4.53
343,Lufkin,31.34,-94.73,25.0,88.0,1.0,1.66,US,1596240509.0,4.43,4.58,5.04
344,,,,,,,,,,,,
345,San Buenaventura,27.08,-101.53,34.44,36.0,75.0,5.1,MX,1596240509.0,,,
346,Green,40.95,-81.48,28.0,54.0,20.0,4.1,US,1596240509.0,3.5,3.81,4.34
347,Del Rio,29.36,-100.9,38.0,33.0,1.0,4.6,US,1596240509.0,5.24,5.0,5.51
348,Huntsville,34.73,-86.59,26.0,88.0,1.0,4.6,US,1596240392.0,4.14,4.35,4.9
349,Abbeville,50.1,1.83,18.89,78.0,34.0,2.95,FR,1596240509.0,,,
350,Polson,47.69,-114.16,33.33,48.0,15.0,1.29,US,1596240510.0,4.37,3.79,4.47
351,Monticello,45.31,-93.79,27.78,42.0,75.0,1.74,US,1596240510.0,4.06,3.78,4.45
352,Las Vegas,36.17,-115.14,45.0,9.0,1.0,6.7,US,1596239891.0,7.62,5.68,6.69
353,Grass Valley,39.22,-121.06,33.89,18.0,1.0,3.1,US,1596240510.0,6.15,5.02,5.78
354,Barstow,34.9,-117.02,44.0,11.0,1.0,7.7,US,1596240510.0,8.21,5.9,6.91
355,Estevan,49.13,-102.98,28.0,42.0,75.0,4.6,CA,1596240510.0,,,
356,Festus,38.22,-90.4,20.0,96.0,97.0,3.74,US,1596240510.0,4.42,4.25,4.91
357,Ferme-Neuve,46.7,-75.45,19.95,85.0,8.0,1.56,CA,1596240511.0,,,
358,Raton,36.9,-104.44,28.0,24.0,90.0,6.2,US,1596240511.0,6.83,5.2,6.21
359,Fort Smith,35.39,-94.4,26.0,65.0,90.0,7.7,US,1596240511.0,4.63,4.44,5.05
360,Salmo,49.2,-117.27,35.56,23.0,63.0,0.45,CA,1596240511.0,,,
361,Menomonie,44.88,-91.92,25.56,50.0,1.0,2.1,US,1596240511.0,3.99,3.77,4.46
362,Magrath,49.42,-112.87,29.0,51.0,40.0,6.2,CA,1596240511.0,,,
363,Dzilam González,21.28,-88.93,28.74,75.0,13.0,3.41,MX,1596240511.0,,,
364,Nelson,-41.28,173.28,13.33,89.0,100.0,3.34,NZ,1596240512.0,,,
365,Missoula,47.02,-113.8,37.0,14.0,1.0,2.1,US,1596240454.0,4.71,3.84,4.57
366,Moses Lake,47.13,-119.28,39.0,21.0,1.0,7.7,US,1596240512.0,5.35,4.26,5.16
367,Laurel,39.1,-76.85,25.56,88.0,90.0,0.91,US,1596240317.0,4.11,4.12,4.83
368,Kingman,35.19,-114.05,43.0,6.0,1.0,9.3,US,1596240512.0,7.99,5.76,6.75
369,Cranbrook,49.5,-115.77,36.0,19.0,20.0,2.6,CA,1596240032.0,,,
370,Otradnoye,59.78,30.82,13.89,76.0,63.0,5.0,RU,1596240512.0,,,
371,Homestead,25.47,-80.48,31.0,74.0,40.0,8.2,US,1596240470.0,4.58,4.97,5.4
372,Henderson,36.04,-114.98,44.0,7.0,1.0,6.2,US,1596240440.0,7.56,5.65,6.66
373,Edgewater,28.99,-80.9,29.44,83.0,40.0,1.5,US,1596240381.0,4.94,4.98,5.51
374,Shelburne,44.08,-80.2,24.0,60.0,1.0,4.1,CA,1596240469.0,,,
375,New Kensington,40.57,-79.76,28.33,51.0,38.0,1.34,US,1596240513.0,3.46,3.81,4.35
376,Rockport,28.02,-97.05,32.0,62.0,1.0,5.1,US,1596240229.0,4.57,4.88,5.28
377,Marietta,33.95,-84.55,32.0,55.0,75.0,6.2,US,1596240310.0,4.36,4.45,5.03
378,Parsons,37.34,-95.26,27.0,57.0,20.0,5.1,US,1596240513.0,4.68,4.38,5.05
379,Taylorville,39.55,-89.29,22.22,94.0,90.0,3.6,US,1596240514.0,4.17,4.12,4.75
380,Junction City,39.03,-96.83,28.0,58.0,75.0,4.1,US,1596240514.0,4.94,4.43,5.22
381,Kerrville,30.05,-99.14,30.0,51.0,75.0,6.7,US,1596240514.0,4.92,4.8,5.29
382,Vacaville,38.36,-121.99,37.0,7.0,1.0,5.7,US,1596240514.0,5.72,5.08,5.79
383,Gravelbourg,49.88,-106.55,26.89,32.0,11.0,4.72,CA,1596240514.0,,,
384,Ontario,34.06,-117.65,41.0,13.0,20.0,7.2,US,1596240500.0,6.01,5.35,6.11
385,Lake Havasu City,34.48,-114.32,48.33,7.0,1.0,5.1,US,1596240407.0,7.16,5.65,6.56
386,Onalaska,43.88,-91.24,28.0,39.0,40.0,3.6,US,1596240515.0,3.85,3.77,4.45
387,Hearst,49.68,-83.67,23.84,52.0,13.0,1.19,CA,1596240317.0,,,
388,Drummondville,45.88,-72.48,26.0,50.0,1.0,1.0,CA,1596240361.0,,,
389,Port Huron,42.97,-82.42,24.0,64.0,40.0,3.1,US,1596240515.0,3.6,3.8,4.37
390,Cowansville,45.2,-72.75,24.0,64.0,75.0,0.83,CA,1596240515.0,,,
391,Tumwater,47.01,-122.91,27.22,39.0,1.0,6.2,US,1596240299.0,3.11,3.34,3.8
392,Hong Kong,22.29,114.16,28.33,83.0,100.0,8.49,HK,1596240086.0,,,
393,Lewiston,44.1,-70.21,27.0,51.0,1.0,2.6,US,1596240516.0,4.04,3.77,4.52
394,Beeville,28.4,-97.75,33.0,70.0,40.0,6.7,US,1596240497.0,4.43,4.73,5.11
395,Lüshunkou,38.8,121.27,25.0,94.0,75.0,2.0,CN,1596240516.0,,,
396,Jiménez,28.33,-105.4,34.0,23.0,40.0,4.1,MX,1596240516.0,,,
397,Azle,32.9,-97.55,32.0,46.0,75.0,5.1,US,1596240516.0,5.18,4.79,5.4
398,Silver City,32.77,-108.28,30.0,30.0,1.0,2.1,US,1596240516.0,7.81,5.73,6.64
399,Waterloo,43.47,-80.52,26.0,54.0,90.0,3.6,CA,1596240346.0,,,
400,Levelland,33.59,-102.38,33.0,22.0,20.0,5.7,US,1596240517.0,6.58,5.43,6.25
401,North Platte,41.12,-100.77,28.0,45.0,40.0,3.6,US,1596240517.0,5.49,4.53,5.43
402,Salem,11.65,78.17,24.0,88.0,100.0,0.88,IN,1596240517.0,,,
403,Strathroy,42.96,-81.62,27.0,51.0,75.0,1.5,CA,1596240223.0,,,
404,Port Hueneme,34.15,-119.2,25.0,72.0,1.0,5.7,US,1596240422.0,5.25,5.04,5.79
405,Great Bend,38.36,-98.76,26.11,57.0,1.0,4.1,US,1596240231.0,5.43,4.67,5.51
406,Hailey,43.52,-114.32,34.0,21.0,5.0,2.1,US,1596240517.0,5.95,4.54,5.35
407,Ocean City,39.28,-74.57,25.0,83.0,90.0,2.1,US,1596240518.0,4.21,4.18,4.89
408,Galveston,29.37,-94.97,32.78,70.0,1.0,8.2,US,1596240463.0,4.49,4.76,5.19
409,Eunice,30.49,-92.42,31.0,74.0,1.0,3.1,US,1596240518.0,4.34,4.62,5.09
410,Chapais,49.78,-74.85,25.0,50.0,1.0,2.6,CA,1596240518.0,,,
411,Destin,30.39,-86.5,30.0,74.0,1.0,3.6,US,1596240518.0,5.02,4.98,5.54
412,Lafayette,30.23,-92.07,31.0,62.0,40.0,5.7,US,1596240465.0,4.37,4.64,5.11
413,Horn Lake,34.96,-90.03,26.67,74.0,75.0,3.6,US,1596240378.0,4.4,4.45,5.01
414,Spokane,47.62,-117.37,40.0,16.0,1.0,3.6,US,1596240445.0,4.8,3.94,4.74
415,Glens Falls,43.31,-73.64,27.0,51.0,75.0,3.1,US,1596240339.0,3.78,3.73,4.4
416,Waynesboro,38.07,-78.89,24.44,100.0,90.0,4.1,US,1596240519.0,4.34,4.22,4.94
417,Green River,41.53,-109.47,32.0,11.0,1.0,1.5,US,1596240339.0,6.2,4.68,5.58
418,Cape Canaveral,28.41,-80.6,30.0,74.0,1.0,5.7,US,1596240260.0,5.1,5.08,5.6
419,Natchitoches,31.77,-93.13,22.0,100.0,75.0,4.58,US,1596240519.0,4.42,4.58,5.07
420,Claresholm,50.03,-113.59,27.78,54.0,40.0,5.1,CA,1596240519.0,,,
421,Maryville,35.76,-83.97,23.0,94.0,90.0,3.1,US,1596240419.0,4.17,4.37,4.96
422,Myrtle Beach,33.69,-78.89,31.11,83.0,1.0,7.2,US,1596240310.0,4.56,4.63,5.24
423,Orchard Homes,46.86,-114.05,37.0,14.0,1.0,2.1,US,1596240520.0,4.78,3.95,4.78
424,Atascadero,35.49,-120.67,38.0,16.0,1.0,4.6,US,1596240270.0,6.74,5.46,6.27
425,Álamos,27.02,-108.93,33.89,63.0,95.0,2.24,MX,1596240520.0,,,
426,Suffolk,40.87,-72.8,25.0,78.0,40.0,3.1,US,1596240306.0,3.99,4.01,4.73
427,Nicholasville,37.88,-84.57,26.0,74.0,75.0,2.6,US,1596240520.0,3.96,4.11,4.66
428,Hilton Head,32.22,-80.75,32.0,66.0,1.0,6.2,US,1596240520.0,4.86,4.79,5.4
429,Springfield,37.22,-93.3,21.0,88.0,90.0,5.7,US,1596240371.0,4.39,4.29,4.93
430,Natchez,31.56,-91.4,24.0,88.0,75.0,4.67,US,1596240521.0,4.53,4.68,5.19
431,Hannibal,39.71,-91.36,24.0,73.0,75.0,2.2,US,1596240521.0,4.22,4.13,4.79
432,Ruston,32.52,-92.64,23.0,88.0,90.0,3.6,US,1596240521.0,4.39,4.53,5.04
433,Granada,37.19,-3.61,27.0,39.0,17.0,1.0,ES,1596240252.0,,,
434,Wichita Falls,33.91,-98.49,32.22,35.0,1.0,7.7,US,1596240273.0,5.46,4.9,5.58
435,Pocatello,42.87,-112.45,38.0,11.0,1.0,9.3,US,1596240521.0,5.57,4.43,5.15
436,Astoria,46.19,-123.83,18.33,82.0,90.0,4.6,US,1596240302.0,2.99,3.31,3.83
437,Walla Walla,46.06,-118.34,39.0,15.0,1.0,7.2,US,1596240302.0,4.84,4.12,4.83
438,Saint Joseph,39.77,-94.85,26.11,65.0,40.0,3.6,US,1596240254.0,4.53,4.21,4.94
439,North Branch,45.51,-92.98,27.78,49.0,0.0,0.84,US,1596240323.0,3.99,3.76,4.46
440,Lake Shasta,40.68,-122.37,38.33,8.0,0.0,0.45,US,1596240522.0,6.01,4.85,5.66
441,Batesville,35.77,-91.64,27.0,74.0,75.0,4.1,US,1596240522.0,4.43,4.38,4.98
442,Dickinson,29.46,-95.05,33.0,55.0,1.0,4.1,US,1596240522.0,4.24,4.61,5.01
443,Butte,39.65,-121.57,38.33,14.0,1.0,3.1,US,1596240523.0,5.83,4.94,5.69
444,Circleville,39.6,-82.95,27.0,65.0,75.0,2.86,US,1596240523.0,3.73,3.97,4.51
445,Graham,47.05,-122.29,28.89,42.0,1.0,4.6,US,1596240523.0,2.96,3.26,3.74
446,Brighton,50.83,-0.14,19.44,95.0,44.0,0.89,GB,1596240306.0,,,
447,Half Moon Bay,37.46,-122.43,25.0,82.0,90.0,4.37,US,1596240523.0,3.99,4.29,4.91
448,Miami,25.77,-80.19,29.44,70.0,1.0,5.1,US,1596240394.0,5.04,5.17,5.63
449,Somerset,40.57,-74.55,27.0,69.0,1.0,1.78,US,1596240523.0,3.87,3.96,4.66
450,Charleston,32.78,-79.93,30.0,79.0,1.0,6.2,US,1596240493.0,4.77,4.73,5.34
451,Lodi,38.13,-121.27,36.0,13.0,1.0,7.7,US,1596240495.0,5.75,5.09,5.77
452,State College,40.79,-77.86,27.22,48.0,23.0,2.57,US,1596240241.0,3.95,3.85,4.48
453,Santa Barbara,34.42,-119.7,37.22,53.0,1.0,3.6,US,1596240314.0,6.09,5.2,5.97
454,Enumclaw,47.2,-121.99,28.89,45.0,0.0,1.34,US,1596240524.0,2.92,3.18,3.67
455,East Wenatchee Bench,47.43,-120.28,39.44,22.0,1.0,3.1,US,1596240524.0,4.92,4.15,5.0
456,Northbrook,42.13,-87.83,24.0,57.0,75.0,6.7,US,1596240369.0,3.75,3.87,4.5
457,Atlantic City,39.36,-74.42,25.0,83.0,90.0,2.1,US,1596240329.0,4.09,4.13,4.83
458,Fort Collins,40.59,-105.08,33.0,22.0,1.0,2.6,US,1596240495.0,5.36,4.4,5.29
459,Sturgeon Bay,44.83,-87.38,24.0,64.0,1.0,3.1,US,1596240320.0,3.78,3.77,4.32
460,Fernley,39.61,-119.25,37.22,7.0,0.0,0.45,US,1596240238.0,7.11,5.24,6.24
461,Camp Verde,34.56,-111.85,41.67,11.0,17.0,4.38,US,1596240525.0,7.49,5.57,6.5
462,Guaymas,27.93,-110.9,33.89,75.0,5.0,5.1,MX,1596240377.0,,,
463,Anaconda,46.13,-112.94,31.0,20.0,1.0,4.6,US,1596240525.0,4.9,3.98,4.83
464,North Myrtle Beach,33.82,-78.68,29.0,83.0,1.0,10.3,US,1596240226.0,4.75,4.67,5.31
465,Farmington,36.73,-108.22,37.0,8.0,1.0,6.2,US,1596240526.0,7.53,5.47,6.48
466,Meadville,41.64,-80.15,26.0,47.0,1.0,3.6,US,1596240526.0,3.43,3.72,4.23
467,New Iberia,30.0,-91.82,31.0,70.0,40.0,4.95,US,1596240526.0,4.47,4.71,5.2
468,Cananea,30.95,-110.3,36.11,29.0,12.0,0.89,MX,1596240526.0,,,
469,Hopkinsville,36.87,-87.49,29.0,66.0,20.0,5.7,US,1596240526.0,4.13,4.24,4.81
470,Durango,24.83,-104.83,23.27,54.0,100.0,5.15,MX,1596240421.0,,,
471,Leon Valley,29.5,-98.62,37.0,42.0,20.0,2.1,US,1596240476.0,4.67,4.75,5.2
472,Covington,39.08,-84.51,26.67,83.0,90.0,2.96,US,1596240242.0,4.0,4.07,4.67
473,Smyrna,33.88,-84.51,32.0,55.0,75.0,6.2,US,1596240527.0,4.41,4.49,5.07
474,Camalú,30.85,-116.07,30.0,36.0,0.0,1.34,MX,1596240527.0,,,
475,Selma,36.57,-119.61,38.0,21.0,1.0,3.29,US,1596240527.0,5.98,5.28,5.93
476,Mountain Home,43.13,-115.69,41.0,5.0,1.0,2.6,US,1596240527.0,6.32,4.76,5.69
477,Sioux City,42.5,-96.4,27.78,47.0,1.0,2.1,US,1596240399.0,4.48,4.08,4.85
478,Radcliff,37.84,-85.95,24.44,100.0,75.0,1.5,US,1596240527.0,4.08,4.16,4.73
479,Hopewell,37.3,-77.29,26.11,94.0,12.0,1.54,US,1596240457.0,4.41,4.32,5.03
480,Woodland,38.68,-121.77,37.22,24.0,1.0,4.1,US,1596240453.0,5.78,5.07,5.78
481,Warren,39.43,-84.17,26.11,69.0,90.0,3.1,US,1596240515.0,3.93,4.04,4.62
482,Niagara Falls,43.1,-79.07,27.0,39.0,1.0,4.6,CA,1596240373.0,3.42,3.67,4.1
483,Spring Valley,36.11,-115.25,43.89,10.0,20.0,5.7,US,1596240430.0,7.66,5.67,6.68
484,Viesca,25.35,-102.8,33.0,33.0,75.0,4.1,MX,1596240528.0,,,
485,Richfield,44.88,-93.28,28.89,39.0,20.0,1.53,US,1596240306.0,4.07,3.79,4.54
486,Nampa,43.54,-116.56,40.56,14.0,1.0,4.1,US,1596240281.0,5.81,4.59,5.43
487,Beamsville,43.17,-79.48,27.0,44.0,20.0,3.6,CA,1596239978.0,,,
488,Assiniboia,49.63,-105.98,25.86,35.0,37.0,4.8,CA,1596240309.0,,,
489,Billerica,42.56,-71.27,26.11,57.0,20.0,3.1,US,1596240529.0,3.81,3.81,4.54
490,Weston,26.1,-80.4,31.11,66.0,40.0,6.7,US,1596240330.0,4.64,4.93,5.37
491,Hinesville,31.85,-81.6,33.0,55.0,20.0,4.6,US,1596240529.0,4.62,4.7,5.26
492,Maniwaki,46.38,-75.97,19.97,89.0,6.0,1.6,CA,1596240529.0,,,
493,,,,,,,,,,,,
494,Puerto Peñasco,31.32,-113.53,31.11,78.0,0.0,5.36,MX,1596240530.0,,,
495,Moberly,39.42,-92.44,23.33,77.0,100.0,2.68,US,1596240489.0,4.46,4.2,4.88
496,Superior,46.72,-92.1,28.0,45.0,40.0,1.5,US,1596240530.0,3.95,3.64,4.39
497,Pueblo,38.25,-104.61,31.0,29.0,1.0,6.2,US,1596240337.0,6.64,5.13,6.14
498,Ahome,25.92,-109.18,31.0,48.0,90.0,5.7,MX,1596240530.0,,,
499,Chesterton,41.61,-87.06,23.33,69.0,1.0,3.1,US,1596240530.0,3.44,3.79,4.29
500,Hornepayne,49.21,-84.77,23.08,55.0,0.0,1.55,CA,1596240530.0,,,
501,Traverse City,44.76,-85.62,26.0,54.0,40.0,2.6,US,1596240446.0,3.76,3.71,4.23
502,Sydney,-33.87,151.21,13.33,71.0,9.0,3.6,AU,1596240232.0,,,
503,Borger,52.92,6.79,20.0,74.0,0.0,1.34,NL,1596240531.0,,,
504,Kingston,18.0,-76.79,27.78,88.0,75.0,10.8,JM,1596240531.0,,,
505,Humboldt,40.67,-123.92,21.11,79.0,2.0,1.79,US,1596240531.0,4.76,4.28,4.96
506,Dickson,36.08,-87.39,28.33,83.0,20.0,3.33,US,1596240401.0,4.17,4.28,4.84
507,Callaway,30.15,-85.57,30.0,79.0,20.0,5.1,US,1596240531.0,4.78,4.86,5.41
508,Winona,43.97,-91.77,26.0,54.0,1.0,2.01,US,1596240532.0,3.9,3.77,4.39
509,Cody,44.53,-109.06,30.56,30.0,1.0,4.1,US,1596240532.0,5.61,4.31,5.3
510,Lakefield,43.68,-95.17,26.11,47.0,1.0,2.08,US,1596240532.0,4.3,3.94,4.63
511,Lockhart,28.62,-81.44,32.22,62.0,1.0,5.1,US,1596240532.0,4.72,4.88,5.4
512,Baraboo,43.47,-89.74,24.44,53.0,40.0,1.5,US,1596240532.0,3.9,3.8,4.5
513,Constitución,-35.33,-72.42,12.11,75.0,100.0,0.51,CL,1596240532.0,,,
514,Ft. Pierce,27.45,-80.33,31.0,74.0,1.0,6.2,US,1596240532.0,4.94,5.03,5.53
515,Rawlins,41.79,-107.24,31.0,14.0,1.0,3.6,US,1596240533.0,5.77,4.53,5.32
516,Albion,42.24,-84.75,26.0,44.0,1.0,2.35,US,1596240533.0,3.56,3.79,4.33
517,Clovis,36.83,-119.7,40.56,17.0,1.0,4.1,US,1596240533.0,5.98,5.25,5.92
518,Mattawa,46.74,-119.9,39.0,13.0,1.0,6.7,US,1596240533.0,5.32,4.27,5.16
519,West Wendover,40.74,-114.07,39.0,7.0,1.0,5.7,US,1596240533.0,6.58,4.93,5.88
520,Jamestown,42.1,-79.24,24.0,64.0,1.0,4.6,US,1596240394.0,3.25,3.63,4.07
521,Burley,42.54,-113.79,39.0,14.0,1.0,3.6,US,1596240533.0,5.99,4.65,5.49
522,Madisonville,37.33,-87.5,25.0,88.0,90.0,0.48,US,1596240491.0,4.15,4.23,4.8
523,Monroe,43.15,-77.68,26.11,41.0,20.0,2.6,US,1596240534.0,3.82,3.76,4.34
524,Baker City,44.77,-117.83,39.0,5.0,1.0,4.1,US,1596240534.0,5.35,4.27,5.05
525,Mandan,46.83,-100.89,29.0,54.0,1.0,7.2,US,1596240534.0,4.4,3.86,4.63
526,Coconut Creek,26.25,-80.18,31.11,66.0,40.0,5.7,US,1596240346.0,4.64,4.96,5.39
527,Waycross,31.21,-82.35,29.0,58.0,1.0,1.71,US,1596240534.0,4.63,4.73,5.28
528,Urbana,40.11,-88.21,24.44,64.0,90.0,3.6,US,1596240499.0,4.01,4.04,4.69
529,Wilmington Island,32.0,-80.97,34.0,56.0,20.0,3.6,US,1596240535.0,4.94,4.86,5.46
530,Omemee,44.3,-78.56,28.0,51.0,90.0,4.1,CA,1596240535.0,,,
531,Crossville,35.95,-85.03,22.78,94.0,90.0,4.67,US,1596240535.0,4.02,4.2,4.76
532,Malibu,34.01,-118.81,39.44,75.0,0.0,2.68,US,1596240535.0,5.9,5.23,6.0
533,Fort Stewart,31.87,-81.61,33.0,55.0,20.0,4.6,US,1596240535.0,4.63,4.7,5.27
534,Rodeo,38.03,-122.27,32.0,21.0,1.0,5.1,US,1596240535.0,5.19,4.93,5.61
535,Raymondville,26.48,-97.78,33.0,52.0,1.0,4.6,US,1596240536.0,4.47,4.88,5.21
536,Sandwich,41.65,-88.62,24.44,60.0,20.0,3.6,US,1596240536.0,3.78,3.89,4.48
537,Fairhope,30.52,-87.9,30.56,74.0,1.0,2.1,US,1596240536.0,4.59,4.76,5.28
538,Kearney,40.7,-99.08,27.0,44.0,1.0,2.6,US,1596240531.0,5.06,4.41,5.21
539,Glenwood Springs,39.55,-107.32,28.33,33.0,90.0,6.7,US,1596240303.0,5.94,4.64,5.43
540,Grinnell,41.74,-92.72,28.0,45.0,1.0,2.6,US,1596240536.0,4.2,3.99,4.66
541,El Fuerte,26.42,-108.62,30.97,62.0,70.0,2.04,MX,1596240536.0,,,
542,Kincardine,56.07,-3.72,17.22,93.0,40.0,4.6,GB,1596240537.0,,,
543,Deloraine,-41.53,146.67,11.11,92.0,93.0,2.22,AU,1596240537.0,,,
544,Preston,53.77,-2.72,16.67,87.0,91.0,0.45,GB,1596240458.0,,,
545,Madera,37.17,-119.83,38.33,11.0,0.0,0.89,US,1596240407.0,6.06,5.24,5.95
546,Holland,42.79,-86.11,24.0,57.0,1.0,2.6,US,1596240537.0,3.58,3.79,4.27
547,Wiarton,44.74,-81.13,24.0,53.0,20.0,3.1,CA,1596240537.0,,,
548,West Odessa,31.84,-102.5,33.33,29.0,1.0,3.6,US,1596240537.0,6.52,5.51,6.26
549,Choix,26.71,-108.32,29.05,71.0,80.0,2.19,MX,1596240538.0,,,
550,Atwater,37.35,-120.61,37.0,14.0,1.0,7.7,US,1596240538.0,5.84,5.19,5.87
551,Fremont,37.55,-121.99,26.11,56.0,5.0,7.2,US,1596240395.0,5.62,5.06,5.81
552,Bemidji,47.47,-94.88,27.0,57.0,40.0,2.6,US,1596240248.0,4.02,3.62,4.39
553,Blythe,33.61,-114.6,49.0,8.0,20.0,5.7,US,1596240538.0,7.73,5.83,6.62
554,Roswell,34.02,-84.36,31.11,58.0,20.0,6.2,US,1596240491.0,4.37,4.45,5.04
555,Highland,34.13,-117.21,42.0,12.0,20.0,4.1,US,1596240528.0,6.71,5.47,6.27
556,Beckley,37.78,-81.19,23.0,88.0,90.0,2.1,US,1596240539.0,3.81,4.01,4.59
557,Souris,49.62,-100.26,26.0,54.0,40.0,4.6,CA,1596240539.0,,,
558,Yakima,46.47,-120.67,39.0,16.0,1.0,4.87,US,1596240500.0,5.15,4.28,5.15
559,Roberval,48.52,-72.23,24.0,60.0,75.0,1.0,CA,1596240539.0,,,
560,Enid,36.4,-97.88,28.89,48.0,1.0,7.2,US,1596240539.0,5.23,4.69,5.43
561,Berlin,52.52,13.41,19.44,77.0,1.0,2.1,DE,1596240304.0,,,
562,Daly City,37.71,-122.46,21.11,59.0,20.0,8.2,US,1596240539.0,4.05,4.35,4.96
563,,,,,,,,,,,,
564,Millbrook,32.48,-86.36,32.0,55.0,20.0,2.1,US,1596240540.0,4.5,4.63,5.2
565,Guymon,36.68,-101.48,30.0,37.0,1.0,4.1,US,1596240540.0,6.21,5.1,5.98
566,Huntington,38.42,-82.45,27.22,69.0,90.0,0.44,US,1596240486.0,3.83,4.01,4.57
567,Alexandria,31.22,29.96,27.0,78.0,0.0,3.6,EG,1596240540.0,,,
568,LaBelle,26.76,-81.44,30.56,70.0,1.0,2.1,US,1596240540.0,4.89,5.03,5.53
569,Laredo,27.51,-99.51,36.0,44.0,1.0,4.6,US,1596240384.0,5.25,5.12,5.54
570,Dryden,49.78,-92.75,28.0,37.0,1.0,4.1,CA,1596240504.0,,,
571,Winkler,49.18,-97.94,26.0,73.0,40.0,5.7,CA,1596240375.0,,,
572,Yucca Valley,34.11,-116.43,40.56,22.0,21.0,3.13,US,1596240541.0,8.41,5.96,6.93
573,Essex,40.78,-74.22,29.0,65.0,40.0,2.6,US,1596240541.0,3.91,3.96,4.68
574,Blacklick Estates,39.91,-82.86,27.22,54.0,75.0,3.1,US,1596240482.0,3.61,3.9,4.44
575,Cambridge,43.36,-80.31,26.11,54.0,90.0,3.6,CA,1596239915.0,,,
576,Anáhuac,27.23,-100.15,35.0,47.0,40.0,2.6,MX,1596240541.0,,,
577,Montrose,38.42,-108.27,32.0,13.0,1.0,5.7,US,1596240371.0,6.17,4.73,5.53
578,Lighthouse PT,26.28,-80.09,31.0,70.0,20.0,3.1,US,1596240542.0,4.71,5.02,5.45
579,Iroquois Falls,48.77,-80.68,24.0,57.0,20.0,1.5,CA,1596240542.0,,,
580,La Santisima Trinidad,-14.83,-64.9,23.44,47.0,0.0,1.44,BO,1596240542.0,,,
581,South Lake Tahoe,38.93,-119.98,34.44,21.0,1.0,4.6,US,1596240542.0,7.2,5.23,6.16
582,Oskaloosa,41.3,-92.64,27.0,65.0,1.0,2.1,US,1596240542.0,4.21,4.02,4.69
583,Milford,41.22,-73.06,26.0,78.0,1.0,2.1,US,1596240542.0,3.95,3.97,4.69
584,Key West,24.56,-81.78,32.0,59.0,40.0,7.2,US,1596240284.0,5.11,5.35,5.74
585,Bennettsville,34.62,-79.68,32.22,70.0,1.0,3.1,US,1596240543.0,4.52,4.52,5.17
586,Mexico,15.06,120.72,27.78,94.0,75.0,2.6,PH,1596240543.0,,,
587,Rapid City,44.08,-103.23,32.0,24.0,40.0,15.9,US,1596240543.0,5.37,4.3,5.31
588,Delta,5.5,6.0,22.09,93.0,41.0,1.63,NG,1596240039.0,,,
589,Pinawa,50.15,-95.88,23.19,74.0,96.0,4.57,CA,1596240543.0,,,
590,Princeton,25.54,-80.41,31.0,74.0,40.0,8.2,US,1596240544.0,4.7,4.99,5.42
591,Kalamazoo,42.25,-85.55,26.0,41.0,1.0,1.5,US,1596240544.0,3.59,3.8,4.35
592,Owensboro,37.77,-87.11,26.0,88.0,75.0,1.74,US,1596240544.0,4.13,4.21,4.78
593,West Chester,39.96,-75.61,26.11,69.0,1.0,1.22,US,1596240299.0,3.98,4.02,4.71
594,Boissevain,49.23,-100.06,24.0,73.0,40.0,5.1,CA,1596240544.0,,,
595,Ashtabula,41.7,-80.77,26.0,50.0,1.0,2.6,US,1596240544.0,3.43,3.75,4.23
596,Lock Haven,41.14,-77.45,31.0,29.0,1.0,4.1,US,1596240544.0,3.56,3.8,4.4
597,Belen,36.49,36.22,27.0,78.0,20.0,5.1,TR,1596240545.0,,,
598,Sonoita,31.85,-112.83,42.78,23.0,0.0,4.16,MX,1596240545.0,,,
599,Ithaca,42.44,-76.5,23.33,69.0,24.0,1.79,US,1596240545.0,3.61,3.69,4.25
600,Belgrade,44.8,20.47,25.0,73.0,0.0,1.5,RS,1596240442.0,,,
601,Payette,44.08,-116.93,41.67,12.0,1.0,4.99,US,1596240545.0,5.85,4.57,5.45
602,Lewistown,40.6,-77.57,30.0,35.0,1.0,2.1,US,1596240545.0,3.71,3.85,4.46
603,Sterling,39.01,-77.43,25.0,83.0,90.0,1.74,US,1596240290.0,4.45,4.17,4.92
604,Manitowoc,44.07,-87.8,23.33,60.0,1.0,2.1,US,1596240546.0,3.9,3.81,4.45
605,Guthrie,35.88,-97.43,28.0,54.0,20.0,2.6,US,1596240546.0,5.21,4.68,5.4
606,Bahía Honda,22.9,-83.16,28.03,77.0,4.0,5.64,CU,1596240546.0,,,
607,Matamoros,25.53,-103.25,33.0,33.0,75.0,4.1,MX,1596240546.0,,,
608,Bardstown,37.81,-85.47,24.44,100.0,90.0,1.34,US,1596240546.0,3.98,4.13,4.69
609,Jackson,42.42,-122.83,35.56,17.0,1.0,6.2,US,1596240546.0,5.33,4.54,5.23
610,Fountain Hills,33.61,-111.72,46.11,9.0,1.0,4.1,US,1596240426.0,7.47,5.74,6.63
611,Torrington,41.8,-73.12,25.0,61.0,73.0,1.09,US,1596240547.0,3.83,3.86,4.55
612,Redmond,47.67,-122.12,29.44,47.0,11.0,3.19,US,1596240396.0,3.41,3.35,3.85
613,Rome,34.26,-85.16,27.22,78.0,20.0,3.1,US,1596240381.0,4.33,4.44,5.02
614,Kewanee,41.25,-89.92,26.11,67.0,100.0,0.45,US,1596240547.0,3.93,3.95,4.55
615,Imuris,30.78,-110.87,38.89,50.0,1.0,5.48,MX,1596240547.0,,,
616,Pittsburg,38.03,-121.88,34.44,21.0,1.0,5.1,US,1596240547.0,5.49,5.04,5.71
617,Pendleton,45.67,-118.79,38.89,11.0,1.0,7.2,US,1596240547.0,4.82,4.14,4.87
618,Glen Allen,37.67,-77.51,26.0,88.0,75.0,2.13,US,1596240548.0,4.37,4.29,5.0
619,Arnprior,45.43,-76.35,26.67,60.0,16.0,0.97,CA,1596240254.0,,,
620,Hondomachi-hondo,32.45,130.2,27.0,88.0,75.0,1.0,JP,1596240548.0,,,
621,Franklin,39.97,-83.02,27.22,54.0,75.0,3.1,US,1596240406.0,3.67,3.94,4.48
622,Jennings,38.72,-90.26,21.11,83.0,90.0,3.1,US,1596240548.0,4.31,4.19,4.85
623,Clearlake,38.96,-122.63,35.56,27.0,0.0,1.79,US,1596240427.0,6.03,5.05,5.81
624,Bullhead City,35.15,-114.57,50.0,6.0,40.0,4.1,US,1596240548.0,7.43,5.7,6.67
625,Hastings,50.86,0.57,18.89,95.0,24.0,0.89,GB,1596240549.0,,,
626,Oildale,35.42,-119.02,38.33,17.0,1.0,3.1,US,1596240549.0,5.98,5.37,6.03
627,Beverly,42.56,-70.88,24.44,78.0,1.0,2.1,US,1596240450.0,3.69,3.81,4.49
628,La Paz,-16.5,-68.15,8.0,33.0,8.0,3.1,BO,1596240549.0,,,
629,Minden,52.28,8.92,21.0,60.0,1.0,2.1,DE,1596240549.0,,,
630,Roanoke,37.27,-79.94,27.78,63.0,45.0,0.45,US,1596240395.0,4.23,4.22,4.92
631,Chino Valley,34.76,-112.45,39.44,14.0,1.0,3.6,US,1596240549.0,7.75,5.6,6.57
632,Bristol,41.83,-71.17,26.11,78.0,78.0,2.62,US,1596240372.0,3.85,3.87,4.6
633,Owosso,43.0,-84.18,25.0,53.0,1.0,2.6,US,1596240469.0,3.66,3.81,4.36
634,Belle Fourche,44.67,-103.85,25.56,47.0,14.0,1.79,US,1596240550.0,5.22,4.23,5.17
635,Loreto,22.27,-101.97,23.58,49.0,82.0,7.53,MX,1596240550.0,,,
636,Big Spring,32.25,-101.48,32.0,38.0,1.0,4.1,US,1596240550.0,6.16,5.33,6.05
637,Mason City,43.15,-93.2,26.0,47.0,1.0,3.1,US,1596240371.0,4.01,3.86,4.52
638,Gloversville,43.05,-74.34,25.56,64.0,1.0,2.1,US,1596240550.0,3.75,3.73,4.35
639,Tucumcari,35.17,-103.72,30.0,35.0,1.0,1.5,US,1596240551.0,6.96,5.48,6.4
640,Moorhead,46.87,-96.77,28.0,61.0,20.0,3.6,US,1596240551.0,4.08,3.69,4.35
641,Coldwater,41.94,-85.0,25.56,57.0,1.0,1.5,US,1596240551.0,3.54,3.81,4.33
642,Seminole,28.71,-81.21,31.67,74.0,19.0,1.34,US,1596240510.0,4.76,4.9,5.41
643,Ocampo,21.65,-101.5,20.14,64.0,94.0,6.87,MX,1596240551.0,,,
644,Salmon Creek,45.71,-122.65,32.22,31.0,1.0,2.1,US,1596240551.0,3.4,3.53,4.03
645,Etchojoa,26.92,-109.63,33.89,58.0,34.0,6.71,MX,1596240551.0,,,
646,Senneterre,48.38,-77.23,25.0,53.0,20.0,2.6,CA,1596240552.0,,,
647,Pullman,46.73,-117.18,36.11,23.0,1.0,4.6,US,1596240456.0,4.84,4.02,4.78
648,Terre Haute,39.47,-87.41,23.33,100.0,90.0,3.1,US,1596240328.0,4.02,4.08,4.68
649,Centralia,46.72,-122.95,26.11,56.0,8.0,1.34,US,1596240505.0,3.11,3.35,3.82
650,Napanee,44.25,-76.95,26.0,65.0,20.0,2.6,CA,1596240552.0,,,
651,Nakusp,50.25,-117.8,30.56,43.0,44.0,0.45,CA,1596240552.0,,,
652,Rexburg,43.83,-111.79,35.0,17.0,1.0,3.6,US,1596240270.0,5.34,4.34,4.97
653,Willmar,45.12,-95.04,27.78,42.0,40.0,1.86,US,1596240553.0,4.13,3.82,4.52
654,Olean,42.08,-78.43,24.44,72.0,1.0,2.1,US,1596240470.0,3.47,3.68,4.24
655,Frankfort,-27.27,28.48,6.98,46.0,0.0,1.49,ZA,1596240412.0,,,
656,Saint-Raymond,45.47,-73.61,25.0,65.0,40.0,2.92,CA,1596240460.0,,,
657,Valley Station,38.11,-85.87,25.0,90.0,58.0,0.87,US,1596240553.0,3.99,4.13,4.7
658,Cameron Park,38.67,-120.99,36.11,16.0,0.0,0.45,US,1596240553.0,5.95,5.06,5.78
659,Tarpon Springs,28.15,-82.76,31.67,66.0,40.0,4.6,US,1596240553.0,4.96,5.04,5.58
660,Forrest City,35.01,-90.79,26.0,74.0,1.0,4.6,US,1596240308.0,4.49,4.48,5.05
661,Sturgis,41.8,-85.42,26.0,60.0,1.0,1.5,US,1596240554.0,3.56,3.83,4.35
662,Bryant,34.6,-92.49,26.11,88.0,75.0,3.1,US,1596240554.0,4.41,4.43,4.99
663,Laramie,41.31,-105.59,28.0,18.0,1.0,4.6,US,1596240554.0,5.45,4.37,5.16
664,Merced,37.17,-120.75,36.0,18.0,1.0,6.2,US,1596240480.0,5.88,5.22,5.91
665,Cranston,41.78,-71.44,28.0,74.0,75.0,3.1,US,1596240400.0,3.88,3.9,4.62
666,Bainbridge Island,47.63,-122.52,28.89,39.0,1.0,1.5,US,1596240550.0,3.31,3.4,3.9
667,Madison Heights,42.49,-83.11,27.22,42.0,1.0,2.1,US,1596240555.0,3.61,3.83,4.42
668,Ures,29.43,-110.4,39.44,38.0,0.0,1.34,MX,1596240555.0,,,
669,Victoriaville,46.05,-71.97,26.0,50.0,1.0,1.0,CA,1596240071.0,,,
670,Alice Town,25.72,-79.3,29.21,67.0,0.0,9.74,BS,1596240555.0,,,
671,Province of Mantua,45.17,10.78,25.56,81.0,32.0,1.32,IT,1596240555.0,,,
672,Rock Sound,24.9,-76.2,25.78,83.0,99.0,21.0,BS,1596240555.0,,,
673,Rumford,44.55,-70.55,22.78,79.0,25.0,1.53,US,1596240555.0,3.78,3.62,4.34
674,Hoquiam,46.98,-123.89,18.33,82.0,90.0,5.1,US,1596240556.0,2.89,3.22,3.69
675,Courtenay,49.69,-124.99,26.0,50.0,75.0,6.7,CA,1596240556.0,,,
676,Santa Maria,-29.68,-53.81,15.0,82.0,40.0,2.1,BR,1596240556.0,,,
677,Plainview,40.78,-73.47,26.67,72.0,67.0,2.72,US,1596240556.0,3.99,4.02,4.73
678,Sauk Rapids,45.59,-94.17,28.0,42.0,75.0,1.79,US,1596240441.0,4.16,3.8,4.55
679,Cheney,47.49,-117.58,38.0,17.0,1.0,6.2,US,1596240556.0,4.76,3.96,4.71
680,East Moline,41.5,-90.44,26.0,54.0,90.0,2.6,US,1596240557.0,3.97,3.95,4.58
681,Aiken,33.58,-81.6,31.67,66.0,75.0,5.1,US,1596240413.0,4.53,4.58,5.19
682,Meridian,43.61,-116.39,41.11,14.0,1.0,4.1,US,1596240312.0,5.97,4.62,5.48
683,Taos,36.41,-105.57,26.0,24.0,1.0,8.7,US,1596240557.0,7.36,5.31,6.32
684,Kings Point,26.45,-80.14,30.56,70.0,1.0,6.2,US,1596240557.0,4.67,4.95,5.39
685,Katy,29.79,-95.82,33.89,59.0,1.0,3.1,US,1596240321.0,4.29,4.63,5.05
686,Fort Dodge,42.5,-94.17,27.0,44.0,1.0,2.6,US,1596240402.0,4.28,3.99,4.68
687,Indianola,41.36,-93.56,26.0,47.0,75.0,2.6,US,1596240557.0,4.28,4.04,4.73
688,Coffeyville,37.04,-95.62,27.0,57.0,1.0,6.2,US,1596240558.0,4.81,4.45,5.13
689,Raymore,38.8,-94.45,24.0,57.0,1.0,3.6,US,1596240558.0,4.58,4.26,4.96
690,Excelsior Springs,39.34,-94.23,24.0,60.0,1.0,2.83,US,1596240558.0,4.57,4.23,4.95
691,Sheboygan,43.73,-87.93,24.0,50.0,1.0,3.6,US,1596240501.0,3.81,3.79,4.41
692,Cookeville,36.16,-85.5,25.56,88.0,75.0,2.6,US,1596240558.0,4.06,4.23,4.79
693,,,,,,,,,,,,
694,Saint-Prosper,46.21,-70.48,21.11,100.0,16.0,1.49,CA,1596240558.0,,,
695,Angleton,29.17,-95.43,32.0,62.0,75.0,5.1,US,1596240559.0,4.17,4.6,4.98
696,Texarkana,33.43,-94.05,30.0,58.0,1.0,5.1,US,1596240559.0,4.55,4.52,5.05
697,Tweed,44.48,-77.32,25.56,63.0,84.0,0.89,CA,1596240559.0,,,
698,Picton,-34.18,150.6,11.11,80.0,3.0,1.04,AU,1596240559.0,,,
699,Saint-Donat-de-Montcalm,46.32,-74.22,22.78,7.0,3.0,1.64,CA,1596240559.0,,,
700,Aransas Pass,27.91,-97.15,32.0,70.0,1.0,5.7,US,1596240559.0,4.53,4.86,5.25
701,Sahuaripa,29.05,-109.23,36.93,41.0,4.0,1.55,MX,1596240560.0,,,
702,Independence,39.09,-94.42,24.44,57.0,1.0,3.6,US,1596240329.0,4.58,4.24,4.96
703,Daphne,30.6,-87.9,31.0,74.0,1.0,2.1,US,1596240560.0,4.59,4.76,5.28
704,,,,,,,,,,,,
705,Rantoul,40.31,-88.16,24.0,69.0,1.0,4.1,US,1596240560.0,3.95,4.02,4.62
706,Bryan,30.67,-96.37,28.0,78.0,1.0,2.62,US,1596240560.0,4.5,4.66,5.11
707,Dubuque,42.48,-90.87,25.56,64.0,1.0,3.1,US,1596240560.0,3.96,3.87,4.51
708,Council Bluffs,41.26,-95.86,27.22,44.0,40.0,4.6,US,1596240561.0,4.47,4.15,4.91
709,Fairborn,39.82,-84.02,26.11,57.0,90.0,2.1,US,1596240561.0,3.75,3.97,4.52
710,Beatrice,40.27,-96.75,26.0,61.0,40.0,2.6,US,1596240561.0,4.78,4.32,5.1
711,Norfolk,42.17,-71.25,25.56,57.0,1.0,1.5,US,1596240561.0,3.8,3.83,4.56
712,Pemberton,50.32,-122.8,23.0,49.0,90.0,4.1,CA,1596240561.0,,,
713,West Richland,46.3,-119.36,43.0,13.0,1.0,5.1,US,1596240561.0,5.39,4.32,5.18
714,Valdosta,30.83,-83.28,32.0,55.0,1.0,2.6,US,1596240561.0,4.63,4.76,5.31
715,San Luis,-33.3,-66.34,10.39,44.0,34.0,1.88,AR,1596240562.0,,,
716,Yankton,42.87,-97.4,27.0,51.0,1.0,3.1,US,1596240562.0,4.52,4.07,4.85
717,Beausejour,50.06,-96.52,22.22,82.0,84.0,3.58,CA,1596240562.0,,,
718,Martinsville,36.69,-79.87,31.11,83.0,1.0,1.61,US,1596240562.0,4.42,4.33,5.03
719,Pismo Beach,35.14,-120.64,24.0,77.0,1.0,3.6,US,1596240562.0,5.67,5.09,5.86
720,Dawson,31.77,-84.45,32.0,70.0,1.0,3.1,US,1596240562.0,4.65,4.73,5.29
721,Galesburg,40.95,-90.37,24.44,69.0,40.0,4.1,US,1596240347.0,4.0,3.99,4.62
722,Craig,40.52,-107.55,33.0,11.0,1.0,4.1,US,1596240563.0,5.66,4.57,5.25
723,Lerdo,25.53,-103.53,34.0,28.0,75.0,5.1,MX,1596240000.0,,,
724,Devils Lake,48.11,-98.87,26.0,57.0,20.0,5.7,US,1596240541.0,3.98,3.62,4.27
725,Woodward,36.43,-99.39,29.44,34.0,1.0,7.7,US,1596240563.0,5.75,4.89,5.72
726,Huntingdon,52.33,-0.19,21.11,77.0,89.0,0.45,GB,1596240563.0,,,
727,Troy,42.61,-83.15,27.22,42.0,1.0,2.1,US,1596240563.0,3.6,3.81,4.39
728,Santa María del Oro,25.93,-105.37,26.49,44.0,36.0,5.53,MX,1596240563.0,,,
729,Stillwater,36.12,-97.06,29.0,54.0,1.0,6.2,US,1596240564.0,5.12,4.63,5.34
730,Jasper,37.2,-94.35,24.0,64.0,40.0,6.2,US,1596240457.0,4.61,4.35,4.99
731,Mansfield,53.13,-1.2,20.56,84.0,99.0,0.89,GB,1596240303.0,,,
732,Sarnia,42.98,-82.4,24.0,69.0,75.0,5.7,CA,1596240564.0,3.53,3.79,4.32
733,General Cepeda,25.38,-101.45,21.0,56.0,75.0,5.1,MX,1596240564.0,,,
734,Centerville,39.63,-84.16,26.67,57.0,90.0,5.1,US,1596240417.0,3.84,3.99,4.57
735,Sturgeon Falls,46.36,-79.93,26.0,44.0,20.0,1.0,CA,1596240564.0,,,
736,Decatur,39.84,-88.95,23.89,78.0,90.0,4.1,US,1596240451.0,4.12,4.08,4.71
737,Dodge City,37.75,-100.02,28.33,42.0,1.0,3.1,US,1596240565.0,5.85,4.87,5.75
738,Charlestown,-32.95,151.67,15.0,82.0,0.0,2.18,AU,1596240565.0,,,
739,Shawnee,39.05,-95.77,26.11,57.0,75.0,2.6,US,1596240565.0,4.72,4.32,5.07
740,Brenham,30.17,-96.4,34.0,52.0,1.0,1.5,US,1596240565.0,4.48,4.68,5.12
741,Sylacauga,33.17,-86.25,27.0,94.0,75.0,2.23,US,1596240428.0,4.25,4.49,5.04
742,Fortuna Foothills,32.66,-114.41,46.67,15.0,1.0,4.6,US,1596240565.0,7.67,5.9,6.8
743,Plymouth,41.83,-70.83,25.0,78.0,1.0,2.1,US,1596240566.0,3.81,3.86,4.57
744,Jefferson City,38.58,-92.17,24.0,60.0,90.0,4.6,US,1596240566.0,4.5,4.26,4.93
745,Sunland Park,31.8,-106.58,37.0,19.0,1.0,4.06,US,1596240566.0,6.89,5.8,6.43
746,Madison,34.73,-86.57,25.56,88.0,1.0,4.6,US,1596240566.0,4.14,4.35,4.9
747,Meriden,41.54,-72.81,28.33,65.0,1.0,2.1,US,1596240293.0,3.81,3.88,4.58
748,Okmulgee,35.62,-95.96,28.0,61.0,75.0,2.6,US,1596240566.0,4.8,4.49,5.13
749,Lehigh Acres,26.63,-81.62,30.56,78.0,40.0,2.6,US,1596240567.0,4.89,5.03,5.53
750,Port Angeles,48.12,-123.43,20.56,72.0,40.0,7.7,US,1596240567.0,3.2,3.4,3.91
751,Lander,42.83,-108.73,33.0,15.0,1.0,3.1,US,1596240567.0,5.73,4.47,5.4
752,Martinsburg,39.46,-77.96,26.11,88.0,90.0,1.5,US,1596240567.0,3.93,4.04,4.71
753,Davenport,41.52,-90.58,26.0,54.0,90.0,2.6,US,1596240567.0,4.07,3.97,4.65
754,Lapeer,43.05,-83.32,25.0,53.0,1.0,1.5,US,1596240567.0,3.43,3.72,4.23
755,Port Saint Lucie,27.29,-80.35,31.0,66.0,20.0,4.1,US,1596240317.0,4.77,4.96,5.43
756,Harrisburg,40.27,-76.88,29.0,61.0,1.0,3.1,US,1596240302.0,3.83,3.96,4.62
757,Shawinigan,46.57,-72.75,26.0,50.0,1.0,1.0,CA,1596240542.0,,,
758,Muskogee,35.58,-95.33,27.0,61.0,75.0,5.1,US,1596240325.0,4.75,4.47,5.09
759,Macomb,40.46,-90.67,25.56,78.0,1.0,2.6,US,1596240568.0,4.12,4.06,4.71
760,Galeana,24.83,-100.07,20.0,71.0,94.0,3.13,MX,1596240568.0,,,
761,Ormond Beach,29.29,-81.06,31.0,70.0,1.0,3.6,US,1596240568.0,4.9,4.93,5.47
762,Healdsburg,38.61,-122.87,31.11,39.0,1.0,4.6,US,1596240459.0,5.56,4.92,5.66
763,Danville,36.59,-79.39,30.56,83.0,20.0,1.5,US,1596240569.0,4.44,4.35,5.05
764,San Ignacio Río Muerto,27.42,-110.23,33.0,46.0,75.0,5.1,MX,1596240569.0,,,
765,Culpeper,38.5,-77.97,24.0,94.0,90.0,1.26,US,1596240569.0,4.15,4.16,4.85
766,Blackfoot,43.19,-112.34,38.0,11.0,1.0,9.3,US,1596240569.0,5.67,4.51,5.25
767,Fort Walton Beach,30.41,-86.62,30.0,79.0,1.0,2.1,US,1596240529.0,4.71,4.83,5.38
768,Creel,27.75,-107.63,23.21,44.0,15.0,7.26,MX,1596240569.0,,,
769,Crestview,30.76,-86.57,32.22,48.0,1.0,3.1,US,1596240501.0,4.53,4.68,5.22
770,Roanoke Rapids,36.46,-77.65,31.67,70.0,90.0,2.04,US,1596240570.0,4.54,4.42,5.12
771,Killarney,52.05,-9.52,13.25,92.0,53.0,1.68,IE,1596240570.0,,,
772,Lake Wales,27.9,-81.59,33.0,59.0,40.0,4.28,US,1596240570.0,4.81,4.98,5.5
773,Terrace Bay,48.78,-87.1,16.95,77.0,0.0,2.64,CA,1596240570.0,,,
774,Goose Creek,32.98,-80.03,31.11,70.0,1.0,6.2,US,1596240562.0,4.64,4.64,5.24
775,Gravenhurst,44.92,-79.37,26.0,47.0,1.0,3.1,CA,1596240570.0,,,
776,Sweetwater,25.76,-80.37,31.0,62.0,20.0,4.6,US,1596240570.0,4.67,4.97,5.41
777,Newport Beach,33.62,-117.93,33.33,42.0,20.0,2.6,US,1596240571.0,4.72,5.02,5.68
778,Nogales,31.31,-110.94,35.0,51.0,75.0,7.2,MX,1596240377.0,7.6,5.76,6.62
779,Sooke,48.37,-123.73,26.67,56.0,20.0,8.7,CA,1596239991.0,,,
780,La Grande,45.32,-118.09,38.0,17.0,1.0,5.7,US,1596240298.0,4.88,4.11,4.86
781,Portage,41.17,-81.2,25.56,57.0,1.0,2.6,US,1596240571.0,3.45,3.78,4.3
782,Valle de Allende,26.93,-105.4,28.84,36.0,77.0,4.53,MX,1596240571.0,,,
783,Belleville,44.18,-77.37,26.11,57.0,20.0,4.1,CA,1596239979.0,,,
784,New Lenox,41.51,-87.97,25.0,57.0,1.0,4.6,US,1596240572.0,3.71,3.89,4.47
785,Spring Hill,28.48,-82.53,31.11,66.0,1.0,3.1,US,1596240572.0,4.87,4.95,5.48
786,Sunrise,26.16,-80.29,31.11,66.0,40.0,5.7,US,1596240563.0,4.53,4.89,5.31
787,Geneva,41.89,-88.31,24.44,53.0,1.0,5.1,US,1596240313.0,3.72,3.87,4.46
788,Lockport,41.59,-88.06,25.0,57.0,1.0,4.6,US,1596240485.0,3.77,3.9,4.52
789,Taber,49.82,-112.15,29.0,51.0,40.0,6.2,CA,1596240572.0,,,
790,Sherman,33.64,-96.61,31.0,43.0,40.0,7.2,US,1596240401.0,4.99,4.67,5.28
791,Haslett,42.75,-84.4,27.0,44.0,1.0,4.6,US,1596240429.0,3.63,3.79,4.36
792,Yucaipa,34.03,-117.04,42.0,12.0,20.0,4.1,US,1596240281.0,7.02,5.52,6.33
793,Sinaloa,25.0,-107.5,31.67,76.0,80.0,2.24,MX,1596240573.0,,,
794,Yaqui,27.37,-110.17,33.0,46.0,75.0,5.1,MX,1596240573.0,,,
795,Camden,39.78,-74.97,25.56,85.0,77.0,2.29,US,1596240428.0,4.08,4.08,4.79
796,Kirksville,40.19,-92.58,24.0,57.0,20.0,3.6,US,1596240573.0,4.36,4.13,4.83
797,Chowchilla,37.12,-120.26,38.0,21.0,40.0,5.1,US,1596240573.0,5.88,5.21,5.88
798,Piqua,40.14,-84.24,26.11,58.0,89.0,3.49,US,1596240574.0,3.65,3.93,4.45
799,Mount Vernon,40.91,-73.84,28.0,48.0,40.0,1.5,US,1596240542.0,3.88,3.95,4.66
800,Winfield,37.24,-97.0,28.0,54.0,20.0,6.2,US,1596240452.0,5.08,4.57,5.31
801,Moscow,55.75,37.62,13.89,82.0,7.0,2.0,RU,1596240288.0,,,
802,Sulphur Springs,33.14,-95.6,31.67,52.0,1.0,3.1,US,1596240574.0,4.76,4.61,5.17
803,Palm Valley,30.18,-81.39,30.0,1.0,78.0,0.45,US,1596240574.0,4.88,4.89,5.44
804,Carman,49.5,-98.0,25.0,56.0,61.0,5.36,CA,1596240014.0,,,
805,Oxbow,49.23,-102.17,24.44,62.0,36.0,4.47,CA,1596240574.0,,,
806,Poplar Bluff,36.76,-90.39,28.0,69.0,40.0,4.6,US,1596240575.0,4.45,4.37,4.98
807,Gallup,35.53,-108.74,33.0,11.0,1.0,4.79,US,1596240575.0,7.47,5.43,6.38
808,Rohnert Park,38.34,-122.7,24.44,53.0,1.0,3.1,US,1596240376.0,5.36,4.89,5.6
809,Emmett,43.87,-116.5,40.56,12.0,0.0,1.34,US,1596240322.0,5.96,4.6,5.46
810,Snyder,32.72,-100.92,31.0,35.0,1.0,3.1,US,1596240575.0,6.13,5.28,6.01
811,Bayonet Point,28.33,-82.68,31.11,73.0,48.0,4.71,US,1596240575.0,4.98,5.02,5.56
812,Massena,44.93,-74.89,25.0,69.0,1.0,2.28,US,1596240575.0,3.89,3.65,4.25
813,Témiscaming,46.72,-79.1,26.0,44.0,20.0,1.0,CA,1596240576.0,,,
814,Royal Palm Beach,26.71,-80.23,30.0,70.0,20.0,3.6,US,1596240576.0,4.66,4.92,5.37
815,Satellite Beach,28.18,-80.59,29.44,74.0,1.0,5.7,US,1596240576.0,5.15,5.11,5.63
816,Jensen Beach,27.25,-80.23,31.0,66.0,20.0,4.1,US,1596240576.0,4.88,5.03,5.52
817,Saint-Jovite,46.12,-74.6,24.0,73.0,40.0,1.0,CA,1596240576.0,,,
818,Shawville,45.6,-76.48,26.11,60.0,15.0,0.98,CA,1596240576.0,,,
819,Utica,43.1,-75.23,25.0,66.0,14.0,0.45,US,1596240386.0,3.55,3.65,4.16
820,Asheboro,35.71,-79.81,32.0,62.0,1.0,1.88,US,1596240375.0,4.57,4.46,5.14
821,Waupun,43.63,-88.73,26.0,53.0,1.0,1.5,US,1596240577.0,3.68,3.75,4.33
822,Le Mars,42.79,-96.17,27.0,47.0,1.0,2.1,US,1596240577.0,4.41,4.03,4.75
823,Greenfield,42.96,-88.01,23.33,69.0,75.0,4.1,US,1596240577.0,3.85,3.85,4.51
824,Wilson,36.15,-86.28,29.0,79.0,1.0,2.6,US,1596240577.0,4.05,4.23,4.78
825,Panabá,21.28,-88.27,28.61,75.0,7.0,4.6,MX,1596240577.0,,,
826,Brawley,32.98,-115.53,48.0,11.0,20.0,2.6,US,1596240577.0,7.64,5.9,6.79
827,,,,,,,,,,,,
828,Westerly,41.38,-71.83,24.0,73.0,20.0,2.1,US,1596240439.0,3.86,3.94,4.65
829,Trail,49.1,-117.7,35.56,23.0,68.0,0.45,CA,1596240578.0,,,
830,Carberry,49.87,-99.36,26.0,54.0,40.0,4.6,CA,1596240578.0,,,
831,Adolfo López Mateos,28.47,-107.3,27.78,35.0,0.0,3.13,MX,1596240578.0,,,
832,Claremore,36.31,-95.62,27.78,47.0,75.0,3.1,US,1596240578.0,4.81,4.47,5.13
833,Chilliwack,49.17,-121.94,27.0,50.0,40.0,7.7,CA,1596240023.0,,,
834,Morristown,36.21,-83.29,22.22,100.0,75.0,2.78,US,1596240398.0,4.22,4.34,4.95
835,Elk City,35.41,-99.4,29.0,39.0,1.0,4.6,US,1596240579.0,5.77,4.96,5.75
836,Scottsboro,34.67,-86.03,26.0,83.0,1.0,3.6,US,1596240579.0,4.15,4.36,4.91
837,Temple,31.1,-97.34,32.0,59.0,75.0,4.1,US,1596240579.0,4.79,4.73,5.23
838,Florence,43.77,11.25,25.0,83.0,1.0,2.1,IT,1596240357.0,,,
839,Ozark,37.02,-93.21,20.56,95.0,97.0,7.27,US,1596240282.0,4.47,4.33,4.96
840,Uvalde,29.37,-99.77,36.11,44.0,1.0,5.7,US,1596240579.0,4.98,4.84,5.3
841,La Providencia,28.72,-111.58,35.56,51.0,0.0,6.26,MX,1596240580.0,,,
842,Southlake,32.94,-97.13,32.78,46.0,20.0,5.1,US,1596240580.0,5.11,4.78,5.37
843,Forest,37.36,-79.29,28.0,69.0,75.0,1.5,US,1596240350.0,4.42,4.33,5.04
844,Beaver Dam,43.46,-88.84,24.0,53.0,1.0,1.5,US,1596240580.0,3.57,3.72,4.29
845,Saint-Jérôme,45.78,-74.0,24.44,73.0,40.0,1.0,CA,1596240394.0,,,
846,Sedalia,38.7,-93.23,23.33,69.0,75.0,3.6,US,1596240580.0,4.48,4.25,4.92
847,Waseca,44.08,-93.51,26.11,47.0,1.0,2.1,US,1596240343.0,4.06,3.84,4.5
848,Prescott,34.54,-112.47,38.33,14.0,1.0,3.6,US,1596240581.0,7.66,5.52,6.46
849,Eufaula,31.89,-85.15,32.22,75.0,23.0,2.93,US,1596240389.0,4.56,4.69,5.11
850,Howell,42.61,-83.93,25.0,60.0,40.0,3.3,US,1596240581.0,3.63,3.81,4.38
851,Evans,33.53,-82.13,34.0,58.0,1.0,3.1,US,1596240474.0,4.64,4.62,5.24
852,Dublin,37.7,-121.94,31.67,25.0,1.0,7.2,US,1596240581.0,5.47,4.96,5.68
853,Bozeman,45.68,-111.04,34.0,18.0,1.0,2.1,US,1596240550.0,4.56,3.94,4.59
854,Safford,32.83,-109.71,41.0,13.0,1.0,3.1,US,1596240582.0,7.6,5.76,6.68
855,Forestville,38.85,-76.88,26.11,83.0,20.0,1.5,US,1596240315.0,4.18,4.15,4.87
856,Sandusky,41.35,-83.13,24.44,67.0,83.0,2.44,US,1596240582.0,3.51,3.83,4.34
857,Delhi,28.67,77.22,32.22,6.0,82.0,2.07,IN,1596240007.0,,,
858,Picayune,30.53,-89.68,31.11,72.0,0.0,2.49,US,1596240427.0,4.39,4.64,5.12
859,Dana Point,33.47,-117.7,35.0,36.0,0.0,0.89,US,1596240582.0,4.76,4.98,5.66
860,Cloquet,46.72,-92.46,26.0,44.0,1.0,1.5,US,1596240582.0,4.05,3.67,4.46
861,Durham,36.03,-78.87,32.22,69.0,3.0,2.59,US,1596240583.0,4.49,4.41,5.1
862,Blairmore,49.6,-114.44,31.0,54.0,40.0,5.1,CA,1596239983.0,,,
863,Rupert,42.62,-113.68,39.0,14.0,1.0,3.6,US,1596240583.0,6.09,4.69,5.55
864,Elyria,41.37,-82.11,25.0,57.0,1.0,3.1,US,1596240566.0,3.5,3.82,4.32
865,La Sarre,48.8,-79.2,20.6,75.0,33.0,1.64,CA,1596240541.0,,,
866,Fort Myers Beach,26.45,-81.95,29.44,78.0,75.0,2.1,US,1596240583.0,5.5,5.33,5.88
867,Bluffton,32.24,-80.86,32.0,66.0,1.0,6.2,US,1596240583.0,4.76,4.74,5.34
868,Abilene,32.45,-99.73,32.22,38.0,1.0,3.6,US,1596240525.0,6.13,5.15,5.85
869,Potam,27.6,-110.38,33.89,46.0,75.0,5.1,MX,1596240584.0,,,
870,Casper,42.87,-106.31,29.0,16.0,1.0,8.7,US,1596240584.0,5.7,4.48,5.41
871,Spearfish,44.49,-103.86,25.56,47.0,15.0,1.79,US,1596240584.0,5.35,4.22,5.22
872,Aztec,36.82,-107.99,37.0,8.0,1.0,6.2,US,1596240584.0,7.53,5.45,6.45
873,Marshalltown,42.05,-92.91,25.0,53.0,20.0,1.5,US,1596240584.0,4.14,3.96,4.62
874,Española,35.99,-106.08,24.0,28.0,90.0,2.6,US,1596240584.0,7.28,5.35,6.36
875,Valle Hermoso,25.67,-97.83,32.78,66.0,40.0,6.7,MX,1596240585.0,,,
876,Mitchell,43.71,-98.03,29.0,48.0,1.0,2.1,US,1596240585.0,4.61,4.07,4.85
877,Laurentides,46.43,-74.98,19.6,83.0,8.0,1.61,CA,1596240585.0,,,
878,Hermosillo,29.07,-110.97,40.0,38.0,40.0,5.1,MX,1596240407.0,,,
879,Venustiano Carranza,19.43,-99.1,18.0,68.0,90.0,6.2,MX,1596240585.0,,,
880,Muskegon,43.3,-86.13,26.0,50.0,75.0,5.1,US,1596240462.0,3.71,3.79,4.34
881,Newark,40.74,-74.17,28.33,54.0,40.0,1.5,US,1596240324.0,3.88,3.96,4.67
882,Edmonds,47.81,-122.38,29.44,46.0,29.0,1.79,US,1596240500.0,3.45,3.44,3.97
883,Rossland,49.08,-117.8,35.56,23.0,65.0,0.45,CA,1596240586.0,,,
884,Adrian,41.9,-84.04,27.0,42.0,90.0,3.6,US,1596240372.0,3.59,3.85,4.38
885,Newington,41.7,-72.72,29.0,54.0,1.0,3.1,US,1596240586.0,3.78,3.87,4.57
886,Oakdale,44.96,-92.96,28.0,45.0,20.0,3.1,US,1596240586.0,4.1,3.79,4.55
887,Delicias,41.65,-0.91,30.0,42.0,0.0,2.1,ES,1596240586.0,,,
888,Castaños,26.78,-101.42,34.44,36.0,75.0,5.1,MX,1596240586.0,,,
889,Oak Ridge,36.01,-84.27,23.33,94.0,90.0,2.63,US,1596240587.0,4.16,4.29,4.88
890,Englewood,39.65,-104.99,28.33,23.0,75.0,2.6,US,1596240462.0,6.16,4.83,5.86
891,Collierville,35.04,-89.66,28.89,78.0,75.0,6.2,US,1596240587.0,4.3,4.41,4.97
892,Merritt Island,28.54,-80.67,31.0,70.0,1.0,3.1,US,1596240587.0,5.03,4.99,5.51
893,Palestine,31.92,35.2,25.0,73.0,0.0,3.1,PS,1596240587.0,,,
894,White Oak,39.21,-84.6,26.67,65.0,90.0,2.1,US,1596240587.0,3.98,4.06,4.66
895,Rutland,43.62,-73.02,27.0,47.0,1.0,2.6,US,1596240587.0,3.72,3.67,4.32
896,Choctaw,35.5,-97.27,29.0,45.0,20.0,5.7,US,1596240588.0,5.17,4.66,5.35
897,San Luis Río Colorado,32.46,-114.78,46.11,15.0,1.0,4.6,MX,1596240588.0,,,
898,Ramos Arizpe,25.55,-100.97,21.0,56.0,75.0,5.1,MX,1596240588.0,,,
899,Dunn,44.95,-91.88,25.56,50.0,1.0,2.1,US,1596240588.0,3.9,3.73,4.39
900,Syracuse,37.09,15.28,27.0,78.0,0.0,2.1,IT,1596240548.0,,,
901,Cumpas,29.98,-109.78,38.19,28.0,3.0,3.73,MX,1596240588.0,,,
902,New Philadelphia,40.49,-81.45,28.0,48.0,1.0,2.6,US,1596240588.0,3.5,3.84,4.37
903,Québec,46.81,-71.21,22.78,83.0,75.0,1.5,CA,1596240432.0,,,
904,Trois-Rivières,46.35,-72.55,26.0,50.0,1.0,1.0,CA,1596240385.0,,,
905,Cedar Rapids,42.01,-91.64,25.56,57.0,20.0,4.1,US,1596240356.0,4.0,3.91,4.57
906,Cortez,37.35,-108.59,33.0,15.0,1.0,6.7,US,1596240589.0,7.11,5.24,6.18
907,Long Beach,33.77,-118.19,30.0,35.0,1.0,4.1,US,1596240530.0,5.15,5.16,5.86
908,Winchester,51.07,-1.32,19.0,82.0,97.0,4.1,GB,1596240396.0,,,
909,Brookings,44.31,-96.8,27.0,54.0,1.0,2.1,US,1596240589.0,4.34,3.93,4.65
910,San Francisco,37.77,-122.42,23.89,60.0,20.0,8.2,US,1596240552.0,4.05,4.35,4.96
911,Lakeside,30.13,-81.77,33.33,49.0,75.0,2.6,US,1596240590.0,4.6,4.78,5.31
912,Ellensburg,47.0,-120.55,33.0,24.0,1.0,15.4,US,1596240394.0,4.77,4.09,4.84
913,Nuevo Casas Grandes,30.42,-107.92,34.44,24.0,2.0,2.68,MX,1596240590.0,,,
914,Twin Falls,42.56,-114.46,38.0,13.0,1.0,3.6,US,1596240590.0,6.22,4.73,5.63
915,Matagami,49.75,-77.63,24.0,69.0,90.0,1.46,CA,1596240590.0,,,
916,West Haven,41.27,-72.95,25.56,78.0,1.0,2.1,US,1596240590.0,3.81,3.93,4.63
917,Alsip,41.67,-87.74,24.44,53.0,75.0,5.7,US,1596240365.0,3.73,3.89,4.51
918,Petersburg,37.23,-77.4,26.0,83.0,75.0,2.1,US,1596240398.0,4.35,4.31,5.02
919,Windsor,42.3,-83.02,27.78,51.0,1.0,4.6,CA,1596240383.0,3.55,3.82,4.37
920,West Lorne,42.6,-81.6,27.0,50.0,1.0,3.67,CA,1596240591.0,,,
921,Haysville,37.56,-97.35,27.22,47.0,20.0,5.7,US,1596240591.0,5.08,4.57,5.32
922,Shaunavon,49.65,-108.42,27.28,39.0,20.0,3.18,CA,1596240591.0,,,
923,Sartell,45.62,-94.21,28.0,42.0,75.0,1.82,US,1596240591.0,4.1,3.78,4.52
924,Beaver Falls,40.75,-80.32,28.33,42.0,1.0,3.14,US,1596240591.0,3.46,3.81,4.35
925,Elkhart,41.58,-85.83,27.0,42.0,1.0,3.6,US,1596240326.0,3.56,3.84,4.36
926,Hackettstown,40.85,-74.83,25.56,67.0,38.0,0.56,US,1596240378.0,3.8,3.92,4.59
927,New Ulm,44.31,-94.46,26.67,47.0,40.0,0.12,US,1596240592.0,4.11,3.84,4.55
928,Oxford,51.75,-1.26,20.0,77.0,98.0,5.7,GB,1596240592.0,,,
929,Ottawa,45.41,-75.7,28.0,42.0,40.0,3.6,CA,1596240398.0,,,
930,Huntington Beach,33.66,-118.0,32.22,42.0,20.0,2.6,US,1596240492.0,4.72,5.02,5.68
931,Lancaster,40.25,-76.25,29.0,51.0,1.0,3.1,US,1596240592.0,3.79,3.95,4.59
932,Gananoque,44.33,-76.17,27.22,62.0,6.0,1.34,CA,1596240593.0,3.84,3.71,4.28
933,Bellaire,29.71,-95.46,33.33,62.0,1.0,5.1,US,1596240593.0,4.07,4.52,4.92
934,Bethalto,38.91,-90.04,20.56,100.0,90.0,4.6,US,1596240389.0,4.34,4.2,4.86
935,Lubbock,33.6,-101.83,33.0,22.0,20.0,5.7,US,1596240334.0,6.34,5.32,6.12
936,Oro Valley,32.39,-110.97,43.89,17.0,0.0,1.34,US,1596240593.0,7.67,5.8,6.69
937,Lake Cowichan,48.83,-124.05,27.22,51.0,40.0,2.6,CA,1596240593.0,,,
938,,,,,,,,,,,,
939,Fergus Falls,46.28,-96.08,27.0,61.0,1.0,4.6,US,1596240555.0,4.14,3.76,4.45
940,Princeville,45.77,-61.3,22.0,78.0,1.0,0.77,CA,1596240594.0,,,
941,Coronado,32.69,-117.18,34.44,65.0,40.0,7.7,US,1596240594.0,5.44,5.18,5.92
942,Bridgeton,39.43,-75.23,25.0,83.0,75.0,1.5,US,1596240406.0,4.17,4.14,4.85
943,Red Wing,44.56,-92.53,27.0,44.0,1.0,1.33,US,1596240334.0,3.99,3.77,4.48
944,Goldsboro,35.38,-77.99,31.0,74.0,40.0,3.1,US,1596240443.0,4.46,4.45,5.11
945,Hereford,52.06,-2.71,15.56,86.0,87.0,1.29,GB,1596240594.0,,,
946,Melita,49.27,-101.0,23.89,66.0,78.0,3.58,CA,1596240595.0,,,
947,Villa Unión,23.2,-106.23,32.0,59.0,75.0,5.7,MX,1596240595.0,,,
948,Waggaman,29.92,-90.21,32.22,55.0,20.0,4.1,US,1596240595.0,4.49,4.72,5.21
949,Twentynine Palms,34.14,-116.05,44.0,10.0,90.0,5.7,US,1596240509.0,7.69,5.8,6.75
950,New Bern,35.11,-77.04,30.0,74.0,1.0,4.6,US,1596240595.0,4.36,4.4,5.04
951,,,,,,,,,,,,
952,Laplace,30.07,-90.48,32.0,55.0,40.0,2.6,US,1596240595.0,4.4,4.68,5.17
953,Lynn Haven,30.25,-85.65,29.44,83.0,20.0,5.1,US,1596240596.0,4.59,4.79,5.32
954,Jenison,42.91,-85.79,26.11,58.0,95.0,0.45,US,1596240596.0,3.69,3.81,4.37
955,Osoyoos,49.03,-119.45,42.0,28.0,40.0,3.6,CA,1596240596.0,,,
956,Grafton,42.21,-71.69,26.11,61.0,1.0,2.1,US,1596240436.0,3.77,3.82,4.53
957,Andover,51.21,-1.48,19.0,82.0,100.0,4.1,GB,1596240596.0,,,
958,Carroll,39.55,-77.02,25.0,86.0,56.0,1.44,US,1596240596.0,4.0,4.06,4.73
959,Fayetteville,35.05,-78.88,33.0,59.0,20.0,5.1,US,1596240597.0,4.55,4.5,5.16
960,Muncie,40.19,-85.39,25.0,57.0,75.0,3.1,US,1596240597.0,3.76,3.96,4.51
961,Ada,43.42,-116.13,41.11,10.0,1.0,6.2,US,1596240597.0,6.11,4.66,5.55
962,Brook Park,41.4,-81.8,25.56,64.0,40.0,3.6,US,1596240597.0,3.5,3.79,4.31
963,Kings Mountain,35.25,-81.34,33.0,55.0,1.0,2.6,US,1596240597.0,4.65,4.53,5.21
964,Pleasantville,39.39,-74.52,25.0,83.0,90.0,2.1,US,1596240597.0,4.21,4.16,4.88
965,Oakley,38.0,-121.71,35.0,18.0,0.0,5.36,US,1596240465.0,5.71,5.1,5.81
966,Brookhaven,31.58,-90.44,31.11,62.0,1.0,2.1,US,1596240409.0,4.39,4.6,5.11
967,Raymond,43.9,-70.47,23.89,78.0,34.0,1.25,US,1596240598.0,3.97,3.75,4.48
968,Sioux Falls,43.55,-96.7,29.0,39.0,20.0,1.5,US,1596240416.0,4.39,3.99,4.75
969,Statesville,35.78,-80.89,32.0,59.0,1.0,1.5,US,1596240598.0,4.59,4.48,5.17
970,Nixa,37.04,-93.29,20.56,94.0,98.0,7.43,US,1596240598.0,4.47,4.33,4.96
971,Casselman,45.32,-75.08,28.0,45.0,20.0,2.6,CA,1596240598.0,,,
972,Saint Charles,38.78,-90.48,21.0,83.0,90.0,3.1,US,1596240493.0,4.29,4.2,4.85
973,Dearborn Heights,42.34,-83.27,27.78,50.0,75.0,3.1,US,1596240395.0,3.61,3.84,4.41
974,Hamburg,53.55,10.0,18.0,63.0,83.0,3.6,DE,1596240465.0,,,
975,Middletown,39.52,-84.4,26.67,65.0,90.0,2.6,US,1596240384.0,3.86,4.01,4.6
976,Mazatlan,25.2,-99.82,33.06,45.0,27.0,3.02,MX,1596240599.0,,,
977,Puerto Palomas,31.77,-107.62,35.0,19.0,1.0,2.1,MX,1596240599.0,7.58,5.87,6.53
978,Christiansburg,37.13,-80.41,27.0,78.0,40.0,3.1,US,1596240599.0,4.11,4.19,4.85
979,Sycamore,41.99,-88.69,23.89,69.0,75.0,3.1,US,1596240600.0,3.73,3.85,4.43
980,Redding,40.59,-122.39,38.33,7.0,1.0,4.6,US,1596240600.0,6.05,4.89,5.7
981,Hammond,41.58,-87.5,25.0,60.0,1.0,4.1,US,1596240309.0,3.64,3.87,4.44
982,Effingham County,32.37,-81.33,34.0,56.0,20.0,4.6,US,1596240600.0,4.66,4.69,5.28
983,Goderich,43.75,-81.72,23.89,65.0,21.0,1.34,CA,1596240600.0,,,
984,Port Dover,42.78,-80.2,23.89,81.0,17.0,3.42,CA,1596240600.0,,,
985,Prichard,30.74,-88.08,31.0,66.0,1.0,2.6,US,1596240513.0,4.47,4.71,5.23
986,Fernie,49.5,-115.07,36.0,33.0,20.0,4.1,CA,1596240016.0,,,
987,Two Rivers,44.15,-87.57,23.33,60.0,1.0,2.1,US,1596240573.0,3.84,3.79,4.45
988,Cabot,34.97,-92.02,25.56,100.0,90.0,2.6,US,1596240369.0,4.43,4.43,5.0
989,Kankakee,41.15,-87.87,24.0,64.0,1.0,3.6,US,1596240601.0,3.77,3.92,4.52
990,Norman,35.22,-97.44,29.0,45.0,40.0,6.2,US,1596240601.0,5.2,4.7,5.39
991,Valcourt,45.5,-72.32,23.33,73.0,20.0,1.5,CA,1596240601.0,,,
992,Grand Bend,43.32,-81.75,22.78,85.0,34.0,6.71,CA,1596240602.0,,,
993,Campbellsville,37.34,-85.34,23.0,100.0,90.0,3.11,US,1596240602.0,4.02,4.16,4.72
994,Starkville,33.45,-88.82,29.0,88.0,1.0,1.5,US,1596240602.0,4.4,4.53,5.08
995,West Point,33.61,-88.65,30.0,79.0,1.0,5.1,US,1596240602.0,4.43,4.53,5.09
996,Bonita Springs,26.34,-81.78,31.11,75.0,69.0,0.89,US,1596240433.0,5.16,5.16,5.69
997,Bexley,39.97,-82.94,27.22,54.0,75.0,3.1,US,1596240527.0,3.63,3.91,4.46
998,Carnduff,49.17,-101.8,24.44,62.0,47.0,4.47,CA,1596240603.0,,,
999,Kirkland Lake,48.14,-80.04,25.0,53.0,1.0,2.1,CA,1596240603.0,,,
