,City,Lat,Lng,Max_Temp,Humidity,Cloudiness,Wind_Speed,Country,Date
0,Hermanus,-34.42,19.23,15.0,80,11,0.45,ZA,1596060679
1,Souillac,-20.52,57.52,22.0,83,40,4.6,MU,1596060586
2,Mataura,-46.19,168.86,10.3,80,100,1.57,NZ,1596060690
3,Rikitea,-23.12,-134.97,22.85,82,61,6.42,PF,1596060617
4,Arraial do Cabo,-22.97,-42.03,22.0,83,75,5.7,BR,1596060700
5,Castro,-24.79,-50.01,12.92,97,100,2.67,BR,1596060705
6,Bredasdorp,-34.53,20.04,15.0,77,1,4.1,ZA,1596060436
7,Henties Bay,-22.12,14.28,13.33,89,0,2.64,NA,1596060715
8,Charters Towers,-20.1,146.27,14.05,56,0,4.74,AU,1596060721
9,Chui,-33.7,-53.46,6.55,79,0,1.02,UY,1596060726
10,Byron Bay,-28.65,153.62,12.22,87,8,4.1,AU,1596060571
11,Bobo-Dioulasso,11.18,-4.3,27.0,78,0,3.1,BF,1596060752
12,Guerrero Negro,27.98,-114.06,26.93,52,3,7.43,MX,1596060757
13,Phan Thiet,10.93,108.1,25.67,87,100,4.15,VN,1596060606
14,Chake Chake,-5.25,39.77,24.6,80,42,4.11,TZ,1596060767
15,Nikolskoye,59.7,30.79,15.0,82,1,2.0,RU,1596060772
16,Jamestown,42.1,-79.24,24.44,78,90,3.1,US,1596060777
17,New Norfolk,-42.78,147.06,8.33,62,19,0.45,AU,1596060782
18,Albany,42.6,-73.97,27.78,67,12,0.45,US,1596060788
19,Ushuaia,-54.8,-68.3,4.0,92,75,12.9,AR,1596060793
20,Pak Phanang,8.35,100.2,25.99,82,100,2.56,TH,1596060798
21,Kambove,-10.88,26.6,13.18,56,0,1.42,CD,1596060803
22,Sulingen,52.68,8.8,13.33,81,25,2.6,DE,1596060808
23,Kieta,-6.22,155.63,28.08,69,81,0.68,PG,1596060813
24,Atuona,-9.8,-139.03,26.04,76,8,9.24,PF,1596060818
25,Mlimba,-8.8,35.82,21.47,62,17,0.79,TZ,1596060824
26,Hasaki,35.73,140.83,20.0,94,75,4.1,JP,1596060829
27,Vaitape,-16.52,-151.75,26.88,77,100,8.42,PF,1596060627
28,Dikson,73.51,80.55,9.75,75,58,4.03,RU,1596060844
29,Bluff,-46.6,168.33,11.52,75,100,6.21,NZ,1596060849
30,Saint Paul Harbor,57.79,-152.41,18.0,63,1,2.6,US,1596060854
31,Guamúchil,25.47,-108.1,34.44,54,77,2.68,MX,1596060860
32,Hauterive,46.09,3.45,24.0,38,0,2.1,FR,1596060870
33,Paamiut,61.99,-49.67,9.03,89,86,0.58,GL,1596060875
34,Aksarayskiy,46.79,48.01,20.0,60,27,3.0,RU,1596060880
35,Hilo,19.73,-155.09,28.0,58,1,3.6,US,1596060734
36,Moscow,55.75,37.62,21.11,93,99,3.0,RU,1596060525
37,Chokurdakh,70.63,147.92,6.67,67,69,4.8,RU,1596060896
38,Borogontsy,62.67,131.17,14.12,56,0,2.22,RU,1596060901
39,Mahébourg,-20.41,57.7,22.0,78,40,5.1,MU,1596060906
40,Mar del Plata,-38.0,-57.56,11.0,57,0,2.6,AR,1596060911
41,Thompson,55.74,-97.86,24.0,53,40,3.1,CA,1596060899
42,Bethel,41.37,-73.41,31.67,58,1,4.6,US,1596060921
43,Businga,3.33,20.88,21.27,95,100,0.68,CD,1596060927
44,George Town,5.41,100.34,27.0,88,20,1.0,MY,1596060932
45,Eyl,7.98,49.82,25.53,78,63,7.0,SO,1596060937
46,Tual,-5.67,132.75,25.92,85,98,10.31,ID,1596060915
47,Visby,57.64,18.3,16.67,77,79,9.8,SE,1596060947
48,Busselton,-33.65,115.33,7.78,94,79,2.32,AU,1596060952
49,Laas,46.62,10.7,18.0,88,20,1.0,IT,1596060958
50,Porto Walter,-8.27,-72.74,29.24,58,92,0.97,BR,1596060963
51,Oytal,42.91,73.27,18.52,38,2,1.01,KZ,1596060968
52,Kathmandu,27.72,85.32,22.0,94,75,1.0,NP,1596060903
53,Geraldton,-28.77,114.6,9.0,81,0,5.7,AU,1596060978
54,Fengxian,34.7,116.59,22.62,96,5,3.31,CN,1596060984
55,Kaitangata,-46.28,169.85,10.56,80,100,0.89,NZ,1596060976
56,Trofors,65.53,13.41,16.0,87,75,1.0,NO,1596060994
57,Tuktoyaktuk,69.45,-133.04,12.0,76,75,3.6,CA,1596060956
58,Sanmenxia,34.77,111.18,23.68,89,9,2.4,CN,1596061009
59,Port Alfred,-33.59,26.89,14.29,73,0,6.69,ZA,1596061015
60,Narsaq,60.92,-46.05,14.0,71,6,3.1,GL,1596061025
61,Sørland,67.67,12.69,19.0,63,82,3.1,NO,1596061030
62,Half Moon Bay,37.46,-122.43,23.89,82,75,3.6,US,1596061035
63,Valdivia,-39.81,-73.25,5.0,93,75,0.11,CL,1596061040
64,Paris,48.85,2.35,22.22,43,4,2.6,FR,1596060290
65,Esperance,-33.87,121.9,9.0,87,0,5.7,AU,1596061051
66,Hobart,-42.88,147.33,8.33,86,20,1.5,AU,1596060831
67,Maryborough,-25.53,152.7,14.44,75,0,2.68,AU,1596061061
68,Nizwá,22.93,57.53,33.38,43,79,1.19,OM,1596061066
69,Mt. Pleasant,32.79,-79.86,31.11,79,20,6.2,US,1596061076
70,Port Elizabeth,-33.92,25.57,14.0,67,0,4.6,ZA,1596060919
71,Dauriya,49.93,116.87,18.28,83,100,1.28,RU,1596061092
72,Novaya Chigla,51.22,40.48,20.45,38,20,2.93,RU,1596061097
73,Wuda,39.5,106.71,26.85,39,100,8.06,CN,1596061102
74,Hong Kong,22.29,114.16,30.0,83,20,2.1,HK,1596061107
75,Bambous Virieux,-20.34,57.76,22.0,78,40,5.1,MU,1596061113
76,Aban,56.67,96.06,13.17,88,0,1.63,RU,1596061118
77,Oktyabr'skiy,54.48,53.47,15.89,82,50,2.25,RU,1596061123
78,Cape Town,-33.93,18.42,13.89,93,75,3.1,ZA,1596060981
79,Pervomayskoye,43.92,46.71,19.6,76,93,0.58,RU,1596061133
80,Punta Arenas,-53.15,-70.92,4.0,80,75,5.1,CL,1596060856
81,Barrow,71.29,-156.79,8.0,75,90,9.8,US,1596061143
82,Praia,14.92,-23.51,27.0,78,40,5.1,CV,1596061149
83,Linguère,15.4,-15.12,29.04,69,100,7.72,SN,1596061154
84,Laguna,38.42,-121.42,36.67,14,5,4.1,US,1596061028
85,Kawalu,-7.38,108.21,17.98,91,13,0.58,ID,1596061174
86,Avarua,-21.21,-159.78,23.0,73,51,4.1,CK,1596061180
87,Saint-Philippe,-21.36,55.77,19.0,82,8,1.5,RE,1596061185
88,Khatanga,71.97,102.5,14.36,64,100,5.56,RU,1596060902
89,Monster,52.03,4.17,16.11,76,35,1.32,NL,1596061195
90,Takhtamygda,54.1,123.57,20.65,87,13,1.02,RU,1596061206
91,Kapaa,22.08,-159.32,28.0,69,20,8.2,US,1596061211
92,Qaanaaq,77.48,-69.36,6.43,67,1,1.5,GL,1596061216
93,Yellowknife,62.46,-114.35,23.0,49,75,3.6,CA,1596061221
94,Vila Velha,-20.33,-40.29,24.44,78,40,2.1,BR,1596061226
95,Bac Lieu,9.29,105.72,26.67,83,100,3.27,VN,1596061231
96,Øksfjord,70.24,22.35,17.22,88,94,3.1,NO,1596061236
97,Lake Havasu City,34.48,-114.32,45.0,8,1,4.6,US,1596061189
98,Manggar,-2.88,108.27,25.87,80,100,4.74,ID,1596061247
99,Pravdinskiy,56.07,37.85,19.0,82,20,5.0,RU,1596061252
100,Oistins,13.07,-59.53,28.0,83,75,8.7,BB,1596061120
101,Batagay-Alyta,67.8,130.41,10.85,55,0,1.33,RU,1596061262
102,Hithadhoo,-0.6,73.08,27.85,80,57,7.18,MV,1596061267
103,Bonthe,7.53,-12.51,24.73,84,97,4.84,SL,1596061272
104,Ucluelet,48.93,-125.55,20.0,60,20,3.1,CA,1596061140
105,Phayakkhaphum Phisai,15.52,103.19,24.0,94,20,1.0,TH,1596061283
106,Bhitarwār,25.8,78.12,27.55,79,100,1.22,IN,1596061298
107,Pacific Grove,36.62,-121.92,22.0,56,1,4.6,US,1596061314
108,Ayní,39.39,68.54,20.12,38,0,2.17,TJ,1596061319
109,Flinders,-34.58,150.86,11.67,89,0,1.79,AU,1596061324
110,Vila Praia de Âncora,41.81,-8.85,23.33,64,0,0.5,PT,1596061329
111,Tasiilaq,65.61,-37.64,7.0,70,71,3.6,GL,1596061334
112,Puerto Cabezas,14.04,-83.39,31.0,74,40,3.1,NI,1596061340
113,Ambilobe,-13.2,49.05,20.66,78,28,1.92,MG,1596061350
114,San Patricio,19.22,-104.7,32.0,75,75,5.1,MX,1596061360
115,Sola,-13.88,167.55,27.0,94,90,8.63,VU,1596061366
116,Ponta Delgada,37.73,-25.67,22.0,94,75,4.6,PT,1596061141
117,Ponta do Sol,32.67,-17.1,22.0,60,40,4.1,PT,1596061376
118,Merauke,-8.47,140.33,24.91,81,96,7.27,ID,1596061381
119,Kununurra,-15.77,128.73,20.0,40,0,4.6,AU,1596061386
120,Provideniya,64.38,-173.3,10.0,87,90,4.0,RU,1596061391
121,Beroroha,-21.67,45.17,17.62,79,16,0.97,MG,1596061402
122,Koumra,8.91,17.55,20.09,95,100,2.81,TD,1596061407
123,Newport,51.59,-3.0,17.22,78,100,1.81,GB,1596061278
124,Kapuskasing,49.42,-82.43,20.0,77,75,6.2,CA,1596061417
125,Yulara,-25.24,130.99,7.0,42,0,4.6,AU,1596061422
126,La Palma,33.85,-118.05,32.78,51,1,3.6,US,1596061377
127,Iqaluit,63.75,-68.51,22.0,43,20,7.7,CA,1596061433
128,Fare,-16.7,-151.02,26.47,76,100,8.8,PF,1596061438
129,Misratah,32.38,15.09,26.42,68,0,4.2,LY,1596061443
130,Santa Maria,-29.68,-53.81,9.0,61,0,2.1,BR,1596061448
131,Puerto Ayora,-0.74,-90.35,24.0,64,20,9.8,EC,1596061453
132,Gillette,44.29,-105.5,24.0,53,90,4.1,US,1596061458
133,Copparo,44.89,11.82,26.11,74,17,0.45,IT,1596061463
134,Norman Wells,65.28,-126.83,16.0,82,90,3.1,CA,1596061469
135,Jardim,-21.48,-56.14,13.53,70,78,2.01,BR,1596061474
136,La Ronge,55.1,-105.28,30.0,40,40,3.1,CA,1596061479
137,Jinotega,13.09,-86.0,24.0,73,40,3.43,NI,1596061484
138,Pevek,69.7,170.31,2.81,92,100,1.71,RU,1596061489
139,Port-Gentil,-0.72,8.78,25.0,83,75,6.61,GA,1596061494
140,Srikakulam,18.3,83.9,27.41,84,92,0.64,IN,1596061500
141,Te Anau,-45.42,167.72,9.66,84,100,1.79,NZ,1596061505
142,Grindavik,63.84,-22.43,10.0,87,75,4.1,IS,1596061510
143,Upernavik,72.79,-56.15,6.22,87,49,2.39,GL,1596061515
144,Barranca,-10.75,-77.77,16.8,75,5,3.64,PE,1596061520
145,Lerwick,60.15,-1.15,11.0,93,97,9.3,GB,1596061525
146,Ilulissat,69.22,-51.1,7.0,75,13,2.1,GL,1596061530
147,Tilichiki,60.47,166.1,11.92,93,100,0.63,RU,1596061546
148,Coyhaique,-45.58,-72.07,2.0,74,99,1.18,CL,1596061551
149,Waingapu,-9.66,120.26,21.36,83,0,4.26,ID,1596061556
150,Roxana,10.28,-83.75,25.0,65,75,4.6,CR,1596061561
151,Khovd,48.01,91.64,16.64,49,11,3.48,MN,1596061567
152,Iralaya,15.0,-83.23,29.0,83,75,4.1,HN,1596061572
153,Kruisfontein,-34.0,24.73,11.22,70,0,4.99,ZA,1596061587
154,Severo-Kuril'sk,50.68,156.12,12.59,85,97,5.93,RU,1596061597
155,Caborca,30.58,-111.1,38.33,42,5,1.79,MX,1596061603
156,Bengkulu,-3.8,102.27,23.03,90,82,1.87,ID,1596061608
157,Coquimbo,-29.95,-71.34,12.0,87,1,4.6,CL,1596061613
158,Oodweyne,9.41,45.06,22.79,60,22,6.93,SO,1596061618
159,Pontianak,-0.03,109.33,23.03,92,100,3.16,ID,1596061629
160,La Unión,-5.4,-80.75,23.89,47,0,6.89,PE,1596061634
161,Quang Ngai,15.12,108.8,24.82,85,84,2.11,VN,1596061639
162,Fort Nelson,58.81,-122.7,18.0,68,75,4.6,CA,1596061644
163,Airai,-8.93,125.41,11.15,62,41,1.58,TL,1596061649
164,Huangnihe,43.56,128.02,17.7,95,100,1.39,CN,1596061654
165,Egvekinot,66.32,-179.17,8.75,96,100,1.87,RU,1596061660
166,Luanda,-8.84,13.23,21.0,88,41,3.6,AO,1596061665
167,Kumul,42.8,93.45,25.97,19,92,3.39,CN,1596061670
168,Kulhudhuffushi,6.62,73.07,27.74,79,100,6.79,MV,1596061675
169,Vaini,-21.2,-175.2,21.0,83,20,7.2,TO,1596061681
170,Nanortalik,60.14,-45.24,8.24,89,60,3.73,GL,1596061686
171,Dali,25.7,100.18,16.79,86,100,1.87,CN,1596061691
172,Saint-Joseph,-21.37,55.62,19.0,82,20,1.5,RE,1596061696
173,Alofi,-19.06,-169.92,25.0,65,75,5.7,NU,1596061701
174,Longyearbyen,78.22,15.64,14.0,71,20,2.6,SJ,1596061706
175,Aitape,-3.14,142.35,26.14,79,2,1.95,PG,1596061711
176,Collie,-33.37,116.15,7.78,94,0,1.06,AU,1596061722
177,Sisimiut,66.94,-53.67,9.34,68,95,2.74,GL,1596061727
178,Ust-Maya,60.42,134.53,14.83,44,0,3.9,RU,1596061732
179,Biloela,-24.42,150.5,13.06,75,0,4.64,AU,1596061737
180,Tuatapere,-46.13,167.68,11.73,75,100,3.43,NZ,1596061742
181,Chaman,30.92,66.45,23.81,18,16,1.63,PK,1596061747
182,Armidale,-30.52,151.65,4.44,80,87,1.04,AU,1596061753
183,Kalmunai,7.42,81.82,26.44,77,99,1.41,LK,1596061758
184,Salina Cruz,16.17,-95.2,31.96,61,99,4.06,MX,1596061763
185,Lucapa,-8.42,20.74,20.34,25,2,1.72,AO,1596061768
186,Ribeira Grande,38.52,-28.7,24.0,88,40,7.2,PT,1596061751
187,Scarborough,54.28,-0.4,12.78,73,100,3.06,GB,1596061507
188,Los Llanos de Aridane,28.66,-17.92,23.0,73,90,7.2,ES,1596061784
189,Palas,-5.65,105.68,23.32,86,85,0.49,ID,1596061794
190,Acarí,-15.43,-74.62,20.9,46,0,2.19,PE,1596061799
191,Padang,-0.95,100.35,25.17,73,99,1.95,ID,1596061804
192,Pisco,-13.7,-76.22,18.0,68,8,3.1,PE,1596061545
193,Bagdarin,54.43,113.6,16.96,91,100,0.78,RU,1596061815
194,Inhambane,-23.86,35.38,18.04,79,0,3.34,MZ,1596061825
195,Mount Isa,-20.73,139.5,16.0,38,0,4.6,AU,1596061830
196,College,64.86,-147.8,18.33,55,75,2.6,US,1596061806
197,Sribne,50.66,32.92,18.05,95,100,3.02,UA,1596061841
198,Markova,48.68,24.41,16.98,91,83,1.49,UA,1596061846
199,Cherskiy,68.75,161.3,9.29,60,14,7.27,RU,1596061851
200,Nouadhibou,20.93,-17.03,22.0,83,14,7.7,MR,1596061856
201,Paoua,7.24,16.44,20.01,98,100,1.21,CF,1596061861
202,North Platte,41.12,-100.77,31.0,52,1,7.7,US,1596061710
203,Lüderitz,-26.65,15.16,13.0,71,0,4.1,NA,1596061877
204,Korla,41.76,86.15,23.71,33,95,6.76,CN,1596061887
205,Bud,39.45,-86.18,30.56,59,1,0.98,US,1596061892
206,Plettenberg Bay,-34.05,23.37,13.86,74,1,5.03,ZA,1596061898
207,Port Moresby,-9.44,147.18,25.0,88,90,5.1,PG,1596061903
208,Tiksi,71.69,128.87,4.45,86,100,3.63,RU,1596061908
209,Port Hedland,-20.32,118.57,13.0,32,0,3.1,AU,1596061913
210,Verkhnevilyuysk,63.45,120.32,13.42,61,43,1.82,RU,1596061918
211,Bonoua,5.27,-3.6,25.0,94,20,2.1,CI,1596061929
212,Lodwar,3.12,35.6,28.27,44,17,7.65,KE,1596061935
213,Dodoma,-6.17,35.74,19.0,68,5,4.6,TZ,1596061940
214,Lebu,-37.62,-73.65,7.73,71,100,1.24,CL,1596061710
215,Amapá,1.0,-52.0,24.58,80,93,1.35,BR,1596061804
216,Sunrise Manor,36.21,-115.07,44.0,4,20,1.5,US,1596061831
217,Zharkent,44.16,80.0,16.37,74,11,2.68,KZ,1596061960
218,Arevashogh,40.86,44.27,17.0,67,20,2.6,AM,1596061965
219,Ol'ga,43.74,135.29,23.29,71,0,1.68,RU,1596061968
220,Saskylakh,71.92,114.08,12.29,66,0,2.05,RU,1596061976
221,Olafsvik,64.89,-23.71,10.66,82,86,2.22,IS,1596061981
222,Nizhneangarsk,55.78,109.55,16.02,82,100,1.61,RU,1596061986
223,Pampa,35.54,-100.96,36.0,25,1,4.1,US,1596061991
224,Ilebo,-4.32,20.58,23.58,52,0,0.56,CD,1596061996
225,Madera,37.17,-119.83,40.0,17,0,0.89,US,1596062001
226,Port Hardy,50.7,-127.42,18.0,68,40,3.1,CA,1596061744
227,Inverell,-29.78,151.12,11.67,87,1,2.01,AU,1596062012
228,Hammerfest,70.66,23.68,19.0,63,99,4.6,NO,1596062017
229,Manakara,-22.13,48.02,18.65,94,85,2.47,MG,1596062027
230,Khao Yoi,13.24,99.82,24.44,82,100,1.15,TH,1596062032
231,Taoudenni,22.68,-3.98,37.22,25,2,3.67,ML,1596062037
232,Clyde River,70.47,-68.59,5.0,93,75,4.6,CA,1596062043
233,Kiunga,-6.12,141.29,24.34,91,90,1.83,PG,1596062048
234,Butaritari,3.07,172.79,28.32,74,29,8.12,KI,1596062053
235,Lavrentiya,65.58,-171.0,9.57,83,94,5.05,RU,1596062058
236,Okhotsk,59.38,143.3,14.11,85,99,6.66,RU,1596062063
237,Aloleng,16.13,119.78,27.45,81,99,3.34,PH,1596062068
238,Cidreira,-30.18,-50.21,7.94,75,3,1.87,BR,1596062073
239,Meulaboh,4.14,96.13,25.3,77,95,2.01,ID,1596062079
240,Touros,-5.2,-35.46,23.0,94,40,3.6,BR,1596062084
241,Celestún,20.87,-90.4,32.62,55,12,8.32,MX,1596062089
242,Banda Aceh,5.56,95.32,26.63,75,100,2.38,ID,1596062094
243,Qiongshan,20.01,110.35,26.0,94,40,1.0,CN,1596062099
244,Lohāru,28.45,75.82,29.85,67,100,3.49,IN,1596062104
245,Lagoa,39.05,-27.98,23.27,91,10,11.66,PT,1596062109
246,Zhigansk,66.77,123.37,10.53,62,0,9.08,RU,1596062115
247,Monrovia,6.3,-10.8,25.0,83,75,1.5,LR,1596062125
248,Husavik,66.04,-17.34,11.0,71,92,3.1,IS,1596062130
249,San Andrés,12.58,-81.7,30.0,74,40,6.2,CO,1596062135
250,Hokitika,-42.72,170.97,12.4,75,86,2.03,NZ,1596062140
251,Margate,51.38,1.39,16.67,64,81,0.89,GB,1596062145
252,Nome,64.5,-165.41,10.0,87,90,5.1,US,1596062150
253,Salalah,17.02,54.09,27.0,100,75,3.1,OM,1596061967
254,Northam,51.03,-4.22,14.44,89,93,0.45,GB,1596062161
255,Itarema,-2.92,-39.92,25.67,77,12,6.14,BR,1596062166
256,Ancud,-41.87,-73.82,7.22,87,99,1.5,CL,1596061980
257,Klaksvík,62.23,-6.59,8.0,87,96,5.1,FO,1596061965
258,Carnarvon,-24.87,113.63,11.0,100,0,3.6,AU,1596062097
259,Zambezi,-13.54,23.1,13.92,43,0,2.08,ZM,1596062186
260,Swan Hill,-35.34,143.55,8.88,85,0,3.05,AU,1596062192
261,Beringovskiy,63.05,179.32,12.88,78,93,4.11,RU,1596062197
262,Quatre Cocos,-20.21,57.76,22.0,78,40,5.1,MU,1596062202
263,Sonepur,20.83,83.92,26.3,86,99,1.16,IN,1596062207
264,Syracuse,37.09,15.28,26.67,73,0,2.6,IT,1596062193
265,Kavieng,-2.57,150.8,28.65,68,3,2.4,PG,1596062160
266,Filotas,40.63,21.7,22.0,53,0,1.5,GR,1596062223
267,Sistranda,63.73,8.83,14.0,87,75,4.6,NO,1596061987
268,Vostok,46.49,135.88,22.98,76,2,0.84,RU,1596062138
269,Colquiri,-17.42,-67.13,4.2,75,7,2.32,BO,1596062238
270,Araouane,18.9,-3.53,33.55,36,15,2.89,ML,1596062243
271,Kokopo,-4.35,152.26,28.0,74,37,3.19,PG,1596062249
272,Sirte,31.21,16.59,25.74,78,0,4.11,LY,1596062254
273,Xining,36.62,101.77,14.93,65,87,1.37,CN,1596062250
274,Dunedin,-45.87,170.5,10.0,72,99,4.02,NZ,1596062264
275,Houlton,46.13,-67.84,28.0,51,1,2.6,US,1596062269
276,Sioux Lookout,50.1,-91.92,23.0,53,40,4.1,CA,1596062274
277,Lata,40.16,-8.33,22.78,69,0,1.2,PT,1596062190
278,Bārmer,25.75,71.38,29.39,70,41,6.13,IN,1596062285
279,Katsuura,35.13,140.3,22.22,84,100,0.45,JP,1596062290
280,Krasnosel'kup,65.7,82.47,13.34,61,57,2.7,RU,1596062105
281,Agüimes,27.91,-15.45,23.0,69,75,11.8,ES,1596062300
282,Itaituba,-4.28,-55.98,35.0,28,20,1.5,BR,1596062305
283,Hobyo,5.35,48.53,25.34,83,12,9.06,SO,1596062310
284,Camacha,33.08,-16.33,21.0,68,75,4.6,PT,1596062315
285,Denpasar,-8.65,115.22,25.0,88,40,3.1,ID,1596062096
286,La Asuncion,11.03,-63.86,26.0,88,70,2.38,VE,1596062326
287,Naze,28.37,129.48,29.0,89,20,3.1,JP,1596062105
288,Udachny,66.42,112.4,11.0,71,100,2.0,RU,1596062336
289,Mtwara,-10.27,40.18,21.0,94,20,4.6,TZ,1596062341
290,Ventspils,57.39,21.56,17.0,77,40,8.7,LV,1596062346
291,Ambunti,-4.24,142.84,26.43,86,41,0.2,PG,1596062351
292,Buraidah,26.33,43.98,35.0,32,5,2.1,SA,1596062357
293,Codrington,-38.27,141.97,8.13,87,56,2.38,AU,1596062362
294,Jahāzpur,25.62,75.28,28.12,75,99,2.02,IN,1596062367
295,Torata,-17.08,-70.84,12.23,36,0,0.54,PE,1596062372
296,Lakhipur,26.03,90.3,25.41,92,98,2.65,IN,1596062377
297,Kavaratti,10.57,72.64,27.78,78,100,7.3,IN,1596062328
298,Rantoul,40.31,-88.16,30.0,70,1,2.1,US,1596062387
299,Dolný Kubín,49.21,19.3,16.11,87,38,1.0,SK,1596062393
300,Morehead,37.27,-87.18,27.0,83,1,0.9,US,1596062398
301,Bathsheba,13.22,-59.52,28.0,83,75,8.7,BB,1596062403
302,Honiara,-9.43,159.95,28.74,69,99,1.54,SB,1596062408
303,Pingliang,35.54,106.69,19.55,77,3,0.56,CN,1596062413
304,Talnakh,69.49,88.4,14.0,71,53,4.0,RU,1596062418
305,Hangu,39.25,117.79,27.0,74,4,3.0,CN,1596062424
306,Saint George,37.1,-113.58,41.67,6,1,5.7,US,1596062429
307,Aginskoye,51.1,114.53,19.87,78,100,0.92,RU,1596062434
308,Yenagoa,4.92,6.26,23.29,91,99,1.75,NG,1596062439
309,Richards Bay,-28.78,32.04,18.87,75,85,1.69,ZA,1596062184
310,Kangāvar,34.5,47.97,21.65,31,29,0.35,IR,1596062449
311,San Policarpo,12.18,125.51,26.47,83,99,2.27,PH,1596062454
312,Steinbach am Taunus,50.17,8.57,23.33,59,1,2.6,DE,1596062460
313,Clarence Town,-32.58,151.78,13.89,100,75,4.1,AU,1596062465
314,Iznoski,54.99,35.31,17.07,98,100,3.72,RU,1596062470
315,Cocorit,27.58,-109.97,32.0,55,90,4.1,MX,1596062475
316,Krasnokamensk,50.1,118.04,19.65,84,99,1.27,RU,1596062485
317,Teya,60.38,92.63,14.63,86,97,1.63,RU,1596062496
318,Caboolture,-27.08,152.95,17.78,69,3,1.5,AU,1596062284
319,Comodoro Rivadavia,-45.87,-67.5,5.0,60,49,4.1,AR,1596062506
320,Vardø,70.37,31.11,11.0,93,40,8.7,NO,1596062511
321,Abbeville,50.1,1.83,12.78,80,58,1.07,FR,1596062516
322,Autazes,-3.58,-59.13,26.18,47,4,0.8,BR,1596062521
323,Conceição do Araguaia,-8.26,-49.26,25.59,33,6,0.65,BR,1596062526
324,Sorong,-0.88,131.25,25.79,87,76,6.0,ID,1596062531
325,Soddy-Daisy,35.24,-85.19,32.78,71,94,0.45,US,1596062389
326,Aksarka,66.56,67.8,7.75,92,92,3.24,RU,1596062542
327,Natal,-5.79,-35.21,23.0,94,40,3.6,BR,1596062525
328,Hope,33.67,-93.59,31.67,57,100,1.79,US,1596062552
329,Bereda,43.27,-7.54,17.22,99,49,0.89,ES,1596062557
330,Ningxiang,37.34,111.21,21.13,74,1,2.75,CN,1596062562
331,Guna,24.65,77.32,25.25,88,100,1.45,IN,1596062567
332,High Level,58.52,-117.14,23.0,46,40,3.1,CA,1596062525
333,Marzuq,14.4,46.47,25.87,60,4,1.51,YE,1596062578
334,Cocobeach,1.0,9.58,25.0,83,20,4.1,GA,1596062583
335,Ahipara,-35.17,173.17,15.06,76,100,5.62,NZ,1596062588
336,Bandarbeyla,9.49,50.81,25.73,75,41,11.08,SO,1596062593
337,Mackenzie,55.3,-123.17,26.54,26,79,0.43,CA,1596062598
338,Sotik Post,-0.78,35.34,11.58,96,44,1.56,KE,1596062603
339,Tezu,27.92,96.17,23.46,86,100,1.3,IN,1596062497
340,Faanui,-16.48,-151.75,26.22,78,100,8.1,PF,1596062614
341,Jacareacanga,-6.22,-57.75,25.81,41,9,0.79,BR,1596062619
342,Atarra,25.28,80.57,28.55,80,100,1.55,IN,1596062624
343,Cabo San Lucas,22.89,-109.91,32.0,57,40,8.2,MX,1596062480
344,Broome,42.25,-75.83,21.11,83,90,1.5,US,1596062634
345,Paita,-5.09,-81.11,17.6,78,0,6.41,PE,1596062639
346,Fălciu,46.3,28.14,23.75,50,5,0.41,RO,1596062645
347,Kaka,37.35,59.61,25.26,24,0,1.54,TM,1596062650
348,‘Ewa Beach,21.32,-158.01,31.0,43,20,3.6,US,1596062660
349,Suratgarh,29.32,73.9,34.23,49,78,4.35,IN,1596062665
350,San Roque,36.21,-5.38,25.0,88,4,7.2,ES,1596062670
351,Āgaro,7.85,36.65,15.94,88,69,1.01,ET,1596062675
352,Beloha,-25.17,45.05,16.31,94,2,2.62,MG,1596062686
353,Görele,41.03,39.0,25.0,57,40,4.6,TR,1596062691
354,Irauçuba,-3.75,-39.78,26.23,54,8,2.36,BR,1596062696
355,Luleå,65.58,22.15,16.0,93,100,3.1,SE,1596062701
356,Port Lincoln,-34.73,135.87,11.67,84,0,1.89,AU,1596062706
357,City of San Pedro,14.35,121.02,25.0,100,100,1.49,PH,1596062638
358,Villa Juárez,24.65,-107.54,33.33,52,40,4.6,MX,1596062717
359,Talara,-4.58,-81.27,17.36,79,1,6.78,PE,1596062727
360,Gornopravdinsk,60.05,69.9,7.93,79,26,1.11,RU,1596062732
361,Ayagoz,47.97,80.44,13.49,74,0,2.12,KZ,1596062465
362,Belmonte,-15.86,-38.88,23.0,69,20,3.1,BR,1596062742
363,Carutapera,-1.2,-46.02,24.75,87,0,2.11,BR,1596062748
364,Bazarnye Mataki,54.88,49.93,16.69,76,23,3.34,RU,1596062753
365,Vestmannaeyjar,63.44,-20.27,11.28,87,28,2.41,IS,1596062574
366,Yantzaza,-3.83,-78.76,21.45,79,80,0.25,EC,1596062763
367,Manono,-7.3,27.42,20.58,41,13,2.15,CD,1596062768
368,Greenwood,34.17,-82.12,30.0,74,40,3.6,US,1596062773
369,Kahului,20.89,-156.47,30.0,45,40,10.3,US,1596062779
370,Gladstone,-23.85,151.25,14.0,71,0,2.1,AU,1596062784
371,Okha,53.57,142.95,21.07,89,47,1.98,RU,1596062794
372,Saint Anthony,45.02,-93.22,28.33,42,1,3.1,US,1596062799
373,Kysyl-Syr,63.9,122.76,12.3,63,39,2.39,RU,1596062804
374,Ugoofaaru,5.67,73.0,28.02,79,100,7.66,MV,1596062809
375,Samarai,-10.62,150.67,24.97,83,96,7.63,PG,1596062815
376,Lompoc,34.64,-120.46,21.11,64,6,7.2,US,1596062649
377,Marovoay,-16.1,46.63,21.16,82,83,1.36,MG,1596062825
378,Mananjary,-21.22,48.33,19.51,93,96,1.68,MG,1596062830
379,Berlevåg,70.86,29.09,12.0,81,2,4.6,NO,1596062836
380,Road Town,18.42,-64.62,26.67,97,99,4.92,VG,1596062807
381,Mandalgovi,45.76,106.27,16.88,78,1,1.94,MN,1596062846
382,Najrān,17.49,44.13,27.0,57,40,2.1,SA,1596062590
383,Torbay,47.67,-52.73,12.78,93,90,3.1,CA,1596062584
384,Bubaque,11.28,-15.83,25.81,86,100,8.96,GW,1596062862
385,Prince Rupert,54.32,-130.32,20.0,60,1,2.6,CA,1596062677
386,Uglegorsk,49.08,142.03,20.19,82,44,3.15,RU,1596062872
387,Ürümqi,43.8,87.6,22.0,60,91,3.0,CN,1596062877
388,Verkhoyansk,67.54,133.38,13.54,50,0,4.23,RU,1596062882
389,San Cristobal,7.77,-72.22,32.0,52,40,6.2,VE,1596062893
390,Moose Factory,51.26,-80.61,17.0,100,90,1.0,CA,1596062898
391,Labuhan,-6.88,112.21,22.51,77,99,4.42,ID,1596062904
392,Poya,-21.35,165.15,24.97,71,14,3.87,NC,1596062909
393,Española,35.99,-106.08,31.11,16,40,1.5,US,1596062919
394,Yerbogachën,61.28,108.01,13.29,77,92,4.24,RU,1596062924
395,São Pedro do Sul,-29.62,-54.18,7.0,75,0,2.1,BR,1596062929
396,Nerchinsk,51.98,116.58,20.21,85,98,0.28,RU,1596062935
397,Methóni,36.82,21.7,28.33,44,0,2.1,GR,1596062925
398,Chuncheng,22.17,111.79,26.96,84,86,0.97,CN,1596062945
399,Kristinestad,62.27,21.38,13.45,88,100,2.29,FI,1596062950
400,Suez,29.97,32.53,26.47,64,0,5.3,EG,1596062955
401,Valley City,46.92,-98.0,26.0,54,20,2.6,US,1596062960
402,Grand-Lahou,5.14,-5.02,23.81,89,85,3.73,CI,1596062966
403,São Filipe,14.9,-24.5,25.37,86,51,2.49,CV,1596062971
404,Bairiki Village,1.33,172.98,30.0,62,20,6.2,KI,1596062976
405,Viedma,-40.81,-63.0,4.44,71,81,4.26,AR,1596062981
406,Osmanabad,18.17,76.05,23.87,87,100,1.07,IN,1596062986
407,Hofn,64.25,-15.21,11.0,82,13,1.11,IS,1596062991
408,Ingham,42.6,-84.38,28.0,45,1,4.6,US,1596062997
409,Manaure,11.78,-72.44,28.85,72,94,9.58,CO,1596063002
410,Solnechnyy,50.72,136.63,26.68,68,13,1.14,RU,1596063007
411,Soyo,-6.13,12.37,22.27,83,40,3.53,AO,1596063012
412,Dryden,49.78,-92.75,21.0,60,1,3.6,CA,1596063017
413,Tuy Hoa,13.08,109.3,25.47,88,85,3.19,VN,1596063023
414,Ōdachō-ōda,35.18,132.5,26.0,94,75,1.5,JP,1596063028
415,Vao,-22.67,167.48,22.34,84,83,11.45,NC,1596063033
416,Arrondissement de Toul,48.67,5.92,20.0,48,1,1.0,FR,1596063038
417,Adeje,28.12,-16.73,23.33,68,20,7.2,ES,1596063043
418,Panguna,-6.32,155.48,26.47,71,92,0.82,PG,1596063048
419,Den Helder,52.96,4.76,12.22,81,20,2.1,NL,1596062778
420,Sfântu Gheorghe,45.87,25.78,18.89,83,0,0.15,RO,1596063059
421,Teacapan,22.55,-105.75,30.41,65,23,5.1,MX,1596063069
422,Kargasok,59.06,80.86,12.48,92,100,5.73,RU,1596063074
423,Nevel'sk,46.67,141.86,17.0,88,75,2.0,RU,1596063079
424,Sebezh,56.3,28.47,12.55,88,18,3.57,RU,1596063084
425,Cervo,43.67,-7.41,20.0,90,36,3.58,ES,1596063089
426,Juneau,58.3,-134.42,19.0,59,75,3.6,US,1596063095
427,Sūf,32.31,35.84,30.0,16,0,1.85,JO,1596063100
428,Jefferson City,38.58,-92.17,24.0,83,40,3.12,US,1596063005
429,Wolfhagen,51.33,9.17,14.0,67,40,2.6,DE,1596063110
430,Kazachinskoye,57.7,93.28,14.86,83,26,1.59,RU,1596063115
431,East London,-33.02,27.91,15.23,70,0,4.21,ZA,1596063035
432,Taksimo,56.34,114.88,19.08,78,96,0.45,RU,1596063125
433,Launceston,-41.45,147.17,5.0,93,0,1.5,AU,1596063131
434,Jinxi,30.43,116.29,26.79,85,90,1.22,CN,1596063136
435,Mount Gambier,-37.83,140.77,4.0,100,75,2.1,AU,1596063141
436,Westport,41.14,-73.36,30.0,58,1,6.2,US,1596062944
437,Colares,38.8,-9.45,20.56,77,0,6.71,PT,1596063151
438,Orcopampa,-15.27,-72.34,10.17,40,3,2.83,PE,1596063156
439,Abong Mbang,3.98,13.18,19.02,98,63,1.53,CM,1596063161
440,Atherton,53.52,-2.49,15.56,71,100,0.89,GB,1596063167
441,Binabalian Ricor,16.42,119.93,28.11,79,98,3.74,PH,1596063172
442,Cantaura,9.31,-64.36,23.54,92,100,0.96,VE,1596063177
443,Arrondissement de Bourges,47.25,2.42,20.0,42,0,3.6,FR,1596063182
444,San Quintín,30.48,-115.95,23.45,64,0,7.27,MX,1596063187
445,Nyurba,63.28,118.33,13.14,74,29,1.76,RU,1596063192
446,Ankara,39.92,32.85,23.0,40,0,1.0,TR,1596063158
447,Saint-Pierre,-21.34,55.48,19.0,82,29,2.6,RE,1596063203
448,Devils Lake,48.11,-98.87,27.0,51,1,1.22,US,1596063208
449,Seguin,29.57,-97.96,29.44,74,40,5.1,US,1596063213
450,Sitka,57.05,-135.33,18.0,68,1,2.6,US,1596063218
451,Ormara,25.21,64.64,29.14,84,90,3.39,PK,1596063223
452,Havre-St-Pierre,50.23,-63.6,15.0,93,90,5.7,CA,1596063228
453,Cayenne,4.93,-52.33,28.0,78,63,2.6,GF,1596063233
454,Mangai,-4.05,19.53,23.96,53,3,0.32,CD,1596062940
455,Fortuna,40.6,-124.16,20.0,77,25,0.89,US,1596063244
456,Tessalit,20.2,1.01,35.63,16,3,3.53,ML,1596063249
457,Pangoa,-12.12,-73.0,20.67,89,11,0.54,PE,1596063254
458,Brejning,55.66,9.68,13.0,82,64,5.7,DK,1596063259
459,Baculin,7.45,126.58,27.24,76,100,3.37,PH,1596063264
460,La Santisima Trinidad,-14.83,-64.9,22.0,43,20,4.1,BO,1596063270
461,Calabozo,8.92,-67.43,25.35,92,90,1.03,VE,1596063275
462,Mafinga,-7.25,35.07,16.97,71,10,1.59,TZ,1596063285
463,Dalvik,65.97,-18.53,11.0,71,74,3.1,IS,1596063290
464,Carmo do Paranaíba,-19.0,-46.32,20.0,63,96,0.24,BR,1596063295
465,Sept-Îles,50.2,-66.38,15.56,100,90,4.6,CA,1596063301
466,Xihe,31.69,113.47,26.33,86,95,0.58,CN,1596063306
467,Wukari,7.85,9.78,23.19,92,0,2.53,NG,1596063311
468,Zlobin,45.29,14.65,28.0,58,3,2.1,HR,1596063316
469,Hervey Bay,-25.3,152.85,15.56,73,0,3.13,AU,1596063321
470,Senneterre,48.38,-77.23,20.0,77,75,2.1,CA,1596063326
471,Nioro,13.35,-15.75,24.5,92,100,3.0,GM,1596063331
472,Caloundra,-26.8,153.13,18.89,68,1,3.13,AU,1596063166
473,Kizema,61.11,44.83,14.59,97,98,1.71,RU,1596063342
474,Vila Franca do Campo,37.72,-25.43,22.0,94,75,4.1,PT,1596063347
475,Bara,10.37,10.73,23.95,88,82,3.84,NG,1596063357
476,Churāchāndpur,24.33,93.67,20.37,97,100,0.75,IN,1596063362
477,Taltal,-25.4,-70.48,13.26,74,87,0.34,CL,1596063367
478,Saharsa,25.88,86.6,27.36,87,100,2.21,IN,1596063373
479,Porto de Moz,-1.75,-52.24,26.46,68,96,1.5,BR,1596063378
480,Majene,-3.54,118.97,25.09,80,36,6.46,ID,1596063388
481,Dolores,-36.31,-57.68,5.29,69,0,1.58,AR,1596063398
482,Ternate,0.8,127.4,26.45,82,100,3.01,ID,1596063403
483,Loa Janan,-0.58,117.09,22.83,93,100,1.87,ID,1596063409
484,Rome,43.21,-75.46,23.0,78,75,2.1,US,1596063167
485,Pringsewu,-5.36,104.97,21.25,93,94,0.98,ID,1596063419
486,Guerrero,17.67,-100.0,24.58,78,92,0.46,MX,1596063424
487,Aktau,43.65,51.2,17.0,93,2,3.0,KZ,1596063434
488,Kyshtovka,56.55,76.63,7.65,95,0,3.05,RU,1596063439
489,Sarangani,5.4,125.46,27.3,81,100,4.55,PH,1596063445
490,Weihai,37.5,122.11,27.78,75,17,1.94,CN,1596063450
491,Marsh Harbour,26.54,-77.06,28.58,73,48,4.73,BS,1596063455
492,Zvishavane,-20.33,30.07,12.07,61,0,0.6,ZW,1596063460
493,Teguise,29.06,-13.56,23.0,69,40,8.2,ES,1596063465
494,Antofagasta,-23.65,-70.4,14.0,76,66,3.6,CL,1596063235
495,Mezen',65.85,44.24,12.19,68,1,4.63,RU,1596063486
496,Atambua,-9.11,124.89,19.85,72,38,2.57,ID,1596063491
497,Isangel,-19.55,169.27,25.4,71,60,6.86,VU,1596063496
498,Weiser,44.25,-116.97,36.11,23,1,2.6,US,1596063235
499,Hirado,33.36,129.55,29.44,94,40,2.6,JP,1596063517
500,Lodeynoye Pole,60.73,33.55,14.78,97,64,2.72,RU,1596063522
501,Maragogi,-9.01,-35.22,23.86,76,84,6.22,BR,1596063469
502,Le Port,-20.94,55.29,21.0,73,75,3.6,RE,1596063532
503,Idar,49.72,7.3,16.11,62,34,1.5,DE,1596063542
504,Ust-Kuyga,70.02,135.6,6.69,72,100,2.54,RU,1596063547
505,Lashio,22.93,97.75,19.43,100,100,0.41,MM,1596063552
506,Avera,33.19,-82.53,31.0,62,40,5.7,US,1596063558
507,Sobradinho,-12.83,-39.1,18.38,95,6,1.79,BR,1596063563
508,Jumla,29.27,82.18,16.59,71,100,0.28,NP,1596063568
509,Renfrew,55.87,-4.39,10.56,87,72,1.0,GB,1596063573
510,Port Macquarie,-31.43,152.92,16.11,75,15,1.34,AU,1596063583
511,Vredendal,-31.67,18.5,11.32,85,0,2.54,ZA,1596063588
512,Havøysund,71.0,24.66,18.0,63,83,2.1,NO,1596063594
513,Tonantins,-2.87,-67.8,26.2,72,55,0.48,BR,1596063599
514,Nemuro,43.32,145.57,17.44,88,3,5.65,JP,1596063604
515,High Rock,26.62,-78.28,31.0,70,75,2.1,BS,1596063609
516,Kamenka,51.32,42.77,19.44,62,15,3.23,RU,1596063615
517,Bizhbulyak,53.7,54.26,15.6,83,60,1.66,RU,1596063620
518,Yangi Marg`ilon,40.43,71.72,24.0,44,0,2.1,UZ,1596063625
519,Alangānallūr,10.07,78.05,27.0,74,75,4.1,IN,1596063630
520,Chicama,-7.84,-79.15,17.68,72,4,3.17,PE,1596063635
521,Bowen,-20.02,148.23,21.11,87,0,2.1,AU,1596063408
522,Otradnoye,59.78,30.82,15.0,77,40,3.0,RU,1596063646
523,Megion,61.03,76.11,9.0,93,0,1.0,RU,1596063651
524,Poum,-20.23,164.02,23.21,87,31,10.03,NC,1596063656
525,Pio XII,-3.83,-45.15,25.56,59,0,1.24,BR,1596063661
526,Namwala,-15.75,26.44,11.61,69,0,1.79,ZM,1596063666
527,Semnan,35.57,53.4,28.46,33,12,3.08,IR,1596063677
528,Rawson,-43.3,-65.1,7.69,58,79,6.86,AR,1596063464
529,Tema,5.67,-0.02,24.0,94,20,4.6,GH,1596063687
530,Havelock,34.88,-76.9,27.78,88,86,3.13,US,1596063692
531,Kutum,14.2,24.67,24.04,68,81,2.94,SD,1596063697
532,Srednekolymsk,67.45,153.68,11.25,58,95,5.36,RU,1596063702
533,Nishihara,26.18,127.76,30.0,83,40,4.6,JP,1596063708
534,Mangan,27.52,88.53,24.21,58,100,0.47,IN,1596063713
535,Haverfordwest,51.8,-4.97,16.11,87,100,5.7,GB,1596063718
536,Faro,37.02,-7.93,24.44,83,0,1.5,PT,1596063723
537,Mnogovershinnyy,53.94,139.92,25.78,64,50,4.89,RU,1596063728
538,Goranboy,40.61,46.79,25.0,65,75,3.1,AZ,1596063733
539,Constitución,-35.33,-72.42,9.64,70,95,2.28,CL,1596063738
540,Port Blair,11.67,92.75,27.17,81,98,8.11,IN,1596063744
541,Namatanai,-3.67,152.43,28.81,70,45,2.81,PG,1596063749
542,Craigieburn,-37.6,144.95,7.22,93,40,2.6,AU,1596063682
543,Broken Hill,-31.95,141.43,8.0,93,90,3.6,AU,1596063759
544,Jining,35.41,116.58,27.22,25,1,2.37,CN,1596063764
545,Krasnorechenskiy,44.63,135.35,24.29,75,0,0.51,RU,1596063769
546,Pontes e Lacerda,-15.23,-59.34,21.79,53,0,2.32,BR,1596063774
547,Forsytheganj,52.63,29.73,15.48,93,8,1.93,BY,1596063780
548,Bilma,18.69,12.92,34.23,18,74,1.2,NE,1596063785
549,Abu Samrah,35.3,37.18,26.5,31,0,2.19,SY,1596063790
550,Kjøllefjord,70.95,27.35,12.92,75,0,5.67,NO,1596063795
551,Kailua,21.4,-157.74,29.0,58,20,6.7,US,1596063768
552,Ixtapa,20.7,-105.2,30.0,70,90,3.6,MX,1596063714
553,Necochea,-38.55,-58.74,5.56,87,0,0.89,AR,1596063811
554,Maceió,-9.67,-35.74,24.0,78,40,4.6,BR,1596063606
555,Ciudad del Maíz,22.4,-99.6,22.47,73,100,3.5,MX,1596063821
556,Awjilah,29.11,21.29,27.13,39,0,4.22,LY,1596063826
557,Balakhta,55.38,91.6,14.47,89,26,0.89,RU,1596063831
558,Saldanha,-33.01,17.94,9.0,87,0,0.84,ZA,1596063837
559,Dingle,11.0,122.67,26.25,87,71,3.39,PH,1596063842
560,Shellbrook,53.22,-106.4,29.0,54,40,5.7,CA,1596063847
561,Portland,45.52,-122.68,34.44,27,20,4.1,US,1596063764
562,Karla,59.37,24.93,13.33,93,0,3.1,EE,1596063857
563,Songjianghe,42.19,127.48,18.6,95,100,2.14,CN,1596063862
564,Porosozero,62.72,32.73,14.88,98,100,2.17,RU,1596063867
565,Maykor,59.01,55.88,14.09,97,100,1.03,RU,1596063873
566,Port Augusta,-32.5,137.77,9.0,100,40,2.6,AU,1596063878
567,Adrar,20.5,-10.07,34.47,28,22,3.58,MR,1596063883
568,Hambantota,6.12,81.12,26.2,82,74,7.78,LK,1596063893
569,Batagay,67.63,134.63,12.17,51,0,2.99,RU,1596063904
570,Jalingo,8.88,11.37,24.22,85,98,2.14,NG,1596063909
571,Río Gallegos,-51.62,-69.22,2.0,80,86,5.1,AR,1596063914
572,Athabasca,54.72,-113.29,26.27,57,41,1.31,CA,1596063919
573,Okahandja,-21.98,16.92,13.0,28,0,3.1,NA,1596063924
574,Santa Cruz de la Sierra,-17.8,-63.17,19.0,27,75,5.7,BO,1596063694
575,Luba,3.46,8.55,24.0,100,40,2.1,GQ,1596063901
576,Pedersore,63.65,22.68,15.56,100,90,5.1,FI,1596063940
577,Karasjok,69.47,25.51,15.0,82,20,2.6,NO,1596063945
578,Rundu,-17.93,19.77,11.68,41,0,2.28,NA,1596063950
579,Omsukchan,62.53,155.8,7.59,76,97,4.68,RU,1596063955
580,Martapura,-3.42,114.85,22.0,100,28,1.0,ID,1596063960
581,Ostrovnoy,68.05,39.51,9.38,90,0,5.85,RU,1596063876
582,Kigoma,-4.88,29.63,20.0,77,5,2.23,TZ,1596063971
583,Mogadouro,41.34,-6.71,24.44,50,0,1.28,PT,1596063976
584,Aranos,-24.13,19.12,11.03,40,0,3.99,NA,1596063981
585,Mabaruma,8.2,-59.78,25.88,86,80,2.77,GY,1596063935
586,Kirakira,-10.45,161.92,25.13,90,100,2.52,SB,1596063992
587,Ialibu,-6.28,143.99,16.72,91,88,0.97,PG,1596064002
588,Salym,60.06,71.48,7.35,89,9,1.31,RU,1596064007
589,Mayo,38.89,-76.51,33.0,43,1,3.6,US,1596064012
590,Rossano,39.58,16.63,26.11,64,0,0.45,IT,1596064017
591,Pangnirtung,66.15,-65.71,12.0,87,75,1.5,CA,1596063926
592,Mogadishu,2.04,45.34,24.99,87,12,7.1,SO,1596064028
593,Hazorasp,41.32,61.07,21.0,49,20,3.1,UZ,1596064033
594,Walvis Bay,-22.96,14.51,13.33,87,0,0.5,NA,1596064043
595,Ambatondrazaka,-17.83,48.42,15.23,92,37,0.97,MG,1596064048
596,Tura,25.52,90.22,23.43,99,100,2.67,IN,1596063726
597,Lorengau,-2.02,147.27,29.08,64,19,2.61,PG,1596063892
598,Fairbanks,64.84,-147.72,19.44,59,1,4.6,US,1596063945
599,Tommot,58.96,126.29,14.82,91,100,1.82,RU,1596063897
600,Tongliao,43.61,122.27,22.99,84,54,4.89,CN,1596064074
601,Lazo,43.38,133.9,23.62,71,2,0.78,RU,1596064084
602,Marawi,8.0,124.29,24.44,92,100,2.24,PH,1596063920
603,Mongu,-15.25,23.13,12.46,47,0,2.09,ZM,1596064094
604,Eureka,40.8,-124.16,20.56,50,10,1.34,US,1596063930
605,Hamilton,39.18,-84.53,32.78,48,1,3.1,US,1596064105
606,Aklavik,68.22,-135.01,13.0,76,75,1.5,CA,1596063872
607,Lębork,54.54,17.75,15.56,72,23,3.1,PL,1596064115
608,Itororó,-15.12,-40.07,17.75,87,4,0.74,BR,1596064120
609,Sungai Penuh,-2.08,101.38,17.09,92,90,1.33,ID,1596064125
610,Xichang,27.9,102.26,19.2,82,100,0.73,CN,1596064130
611,Fukuechō,32.69,128.84,27.19,88,0,3.75,JP,1596064136
612,Diamantina,-18.25,-43.6,14.72,75,18,2.15,BR,1596064141
613,Weligama,5.97,80.42,25.45,90,92,5.03,LK,1596064146
614,Dakar,14.69,-17.44,28.0,78,75,5.1,SN,1596064151
615,Nanyamba,-10.68,39.83,18.71,92,18,2.38,TZ,1596064156
616,Glyadyanskoye,54.91,65.09,13.55,72,99,2.02,RU,1596064161
617,Umm Kaddadah,13.6,26.69,26.11,67,84,7.36,SD,1596064166
618,Peachland,49.77,-119.74,35.56,38,0,0.89,CA,1596064172
619,Pachmarhi,22.47,78.43,20.54,100,100,1.03,IN,1596064177
620,Rabak,13.18,32.74,25.8,73,41,4.71,SD,1596064182
621,Nantucket,41.28,-70.1,23.0,78,1,4.6,US,1596063872
622,Jizan,17.33,42.67,30.0,74,20,1.18,SA,1596064192
623,Dongsheng,39.82,109.98,22.81,53,100,7.23,CN,1596064197
624,Bath,51.38,-2.36,16.11,82,99,1.13,GB,1596063907
625,Itainópolis,-7.45,-41.48,23.86,59,0,2.13,BR,1596064208
626,Marystown,47.17,-55.15,13.96,88,98,6.48,CA,1596064213
627,Naruja,41.91,41.95,21.0,94,7,4.1,GE,1596064218
628,Presidencia Roque Sáenz Peña,-26.79,-60.44,8.04,56,26,2.51,AR,1596064223
629,Harar,9.31,42.13,14.53,88,54,2.96,ET,1596064228
630,Vieste,41.88,16.18,26.0,69,5,0.5,IT,1596064233
631,Ankang,32.68,109.02,23.25,87,90,0.54,CN,1596064238
632,Vermilion,40.17,-87.75,29.0,66,1,2.6,US,1596064244
633,Matale,7.47,80.62,22.11,90,96,2.88,LK,1596064249
634,Sakakah,29.97,40.21,40.0,11,40,2.6,SA,1596064144
635,Bilibino,68.05,166.44,12.06,43,80,2.42,RU,1596064259
636,Sibolga,1.74,98.78,24.74,71,100,1.85,ID,1596064264
637,Karratha,-20.74,116.85,18.53,38,0,5.06,AU,1596064269
638,Richland,40.78,-82.55,29.0,48,1,4.6,US,1596064280
639,Maniitsoq,65.42,-52.9,9.4,76,46,1.9,GL,1596064285
640,Asău,46.43,26.4,18.33,86,5,1.87,RO,1596063861
641,Burnie,-41.07,145.92,12.22,67,16,1.34,AU,1596064295
642,Bambanglipuro,-7.95,110.28,21.08,81,43,1.95,ID,1596063765
643,Oyonnax,46.26,5.66,21.0,68,0,0.5,FR,1596064305
644,Inírida,3.87,-67.92,24.62,94,99,1.39,CO,1596064310
645,Circleville,39.6,-82.95,32.0,31,1,2.6,US,1596064317
646,Nicoya,10.15,-85.45,30.0,74,75,2.6,CR,1596063604
647,Pitkyaranta,61.57,31.48,15.41,94,56,4.69,RU,1596064327
648,Potosí,-19.58,-65.75,6.94,52,0,1.75,BO,1596064332
649,Tres Arroyos,-38.37,-60.28,5.66,66,33,3.7,AR,1596064337
650,Bemidji,47.47,-94.88,26.11,47,1,2.6,US,1596063727
651,Puerto Quijarro,-17.78,-57.77,17.89,54,48,3.3,BO,1596064264
652,Nabire,-3.37,135.48,25.56,81,16,1.33,ID,1596064353
653,Yetkul',54.82,61.59,16.0,82,86,5.0,RU,1596064358
654,Saint-François,46.42,3.91,17.0,59,0,2.14,FR,1596064363
655,Biritiba-Mirim,-23.57,-46.04,18.0,77,75,2.6,BR,1596064368
656,Pokhara,28.23,83.98,21.4,80,98,0.66,NP,1596063782
657,Jatai,-17.88,-51.71,24.58,36,92,1.29,BR,1596064384
658,Macusani,-14.08,-70.43,3.94,74,17,1.35,PE,1596063923
659,Diffa,13.32,12.61,30.0,53,50,7.23,NE,1596064394
660,Leh,34.17,77.58,15.02,46,69,0.89,IN,1596063882
661,Normandin,48.83,-72.53,20.0,82,75,4.1,CA,1596064404
662,Geilo,60.53,8.21,7.78,91,20,7.6,NO,1596064409
663,Guangyuan,32.44,105.82,17.78,92,100,1.42,CN,1596064414
664,Caravelas,-17.71,-39.25,20.58,75,0,1.51,BR,1596064420
665,Grants,35.15,-107.85,34.0,10,1,5.7,US,1596064425
666,Pochutla,15.74,-96.47,27.0,78,90,5.1,MX,1596064430
667,Giohar,2.78,45.5,23.85,86,39,5.62,SO,1596064435
668,Whitley Bay,55.04,-1.45,11.11,76,61,1.5,GB,1596064440
669,Ekenäs,59.97,23.43,12.78,94,0,4.42,FI,1596064445
670,Graaff-Reinet,-32.25,24.53,6.11,55,0,0.89,ZA,1596064450
671,Anadyr,64.75,177.48,13.0,82,75,1.0,RU,1596064461
672,Vernon,50.26,-119.27,34.0,17,1,2.1,CA,1596064419
673,Petropavlovsk-Kamchatskiy,53.05,158.65,20.0,60,95,4.0,RU,1596064471
674,Tottori-shi,35.5,134.23,26.0,88,75,0.5,JP,1596064426
675,Ipixuna,-1.76,-48.8,28.0,78,20,3.1,BR,1596064481
676,Bafoulabé,13.81,-10.83,25.73,86,100,0.27,ML,1596064487
677,Lavra,41.26,-8.72,22.78,93,0,0.5,PT,1596064497
678,Kidal,18.44,1.41,33.73,37,4,7.4,ML,1596063933
679,Bose,45.46,8.01,24.44,83,34,1.34,IT,1596064507
680,Zdvinsk,54.7,78.66,9.45,91,0,4.27,RU,1596064512
681,Lyngseidet,69.58,20.22,19.0,55,99,6.7,NO,1596064517
682,Zyryanka,65.75,150.85,11.07,58,94,6.58,RU,1596063961
683,Witu,-2.39,40.44,24.57,83,41,5.43,KE,1596064528
684,Kumluca,36.37,30.29,28.68,53,0,1.32,TR,1596064533
685,Aykhal,66.0,111.5,11.0,71,100,2.0,RU,1596064538
686,Kabompo,-13.59,24.2,13.62,47,0,1.8,ZM,1596064543
687,Hvide Sande,56.0,8.13,13.89,81,82,0.45,DK,1596064549
688,Soroti,1.71,33.61,18.77,86,43,1.69,UG,1596064554
689,Koutsouras,35.03,25.95,27.22,45,0,3.58,GR,1596064564
690,Rio Grande,-32.03,-52.1,3.89,94,0,2.62,BR,1596064528
691,Saurimo,-9.66,20.39,16.84,31,5,2.1,AO,1596064574
692,Chumikan,54.72,135.31,23.66,65,44,7.6,RU,1596064579
693,Santa Cecília,-26.96,-50.43,8.67,97,70,1.53,BR,1596064585
694,Bam,29.11,58.36,27.84,19,0,5.23,IR,1596064590
695,Anuradhapura,8.36,80.42,24.88,86,97,5.45,LK,1596064595
696,Beyneu,45.32,55.2,19.59,70,100,7.19,KZ,1596064600
697,Muros,42.78,-9.06,22.78,78,0,0.45,ES,1596064605
698,Trelew,-43.25,-65.31,7.08,58,89,5.28,AR,1596064595
699,Traverse City,44.76,-85.62,25.0,50,20,3.1,US,1596064514
700,Krasnyy,54.57,31.43,13.32,91,2,3.64,RU,1596064621
701,Auki,-8.77,160.7,29.71,65,87,0.94,SB,1596064631
702,Lac du Bonnet,50.25,-96.06,26.67,87,0,3.52,CA,1596064636
703,Crossfield,51.43,-114.04,27.0,57,20,3.1,CA,1596064641
704,Luwuk,-0.95,122.79,24.62,82,100,3.48,ID,1596064472
705,Loikaw,19.67,97.21,18.75,94,84,0.76,MM,1596064651
706,Mokhsogollokh,61.47,128.92,15.05,78,0,2.07,RU,1596064657
707,Igbo-Ora,7.43,3.28,21.57,87,37,2.17,NG,1596064662
708,Alta Floresta,-9.88,-56.09,25.17,34,2,1.37,BR,1596064488
709,Cap Malheureux,-19.98,57.61,21.67,77,42,1.34,MU,1596064629
710,Kamaishi,39.27,141.88,20.0,82,75,0.5,JP,1596064677
711,Joniškis,56.24,23.62,12.0,93,1,5.1,LT,1596064682
712,Pozo Colorado,-23.49,-58.8,14.97,36,99,3.1,PY,1596064687
713,Aasiaat,68.71,-52.87,4.85,81,99,2.59,GL,1596064693
714,Andenes,69.31,16.12,16.0,77,98,1.5,NO,1596064698
715,Zhengjiatun,43.51,123.51,21.62,93,57,5.91,CN,1596064708
716,Fergus Falls,46.28,-96.08,26.67,50,40,1.5,US,1596064713
717,Nueva Italia,-25.62,-57.5,11.0,50,0,4.1,PY,1596064718
718,Bundaberg,-24.85,152.35,19.44,63,0,3.6,AU,1596064723
719,Santa Vitória do Palmar,-33.52,-53.37,6.59,79,0,1.44,BR,1596064729
720,Buala,-8.14,159.59,29.4,65,61,0.97,SB,1596064734
721,Enid,36.4,-97.88,32.0,70,75,3.1,US,1596064739
722,Qandala,11.47,49.87,31.47,53,14,1.12,SO,1596064749
723,Raposa,-6.52,-44.18,27.77,44,72,2.35,BR,1596064754
724,Tymovskoye,50.85,142.66,23.93,68,40,2.24,RU,1596064759
725,Maţāy,28.42,30.78,28.81,46,0,7.53,EG,1596064765
726,Roald,62.58,6.13,14.0,87,62,4.1,NO,1596064770
727,Dwārka,22.24,68.97,29.3,78,92,7.12,IN,1596064692
728,Panalingaan,8.78,117.42,27.28,82,80,3.22,PH,1596064780
729,Jurm,36.86,70.83,17.8,34,0,0.21,AF,1596064785
730,Hualmay,-11.1,-77.61,16.66,76,7,3.59,PE,1596064732
731,Lensk,60.73,114.93,13.38,78,98,3.54,RU,1596064795
732,Ubari,26.59,12.78,28.06,22,0,4.09,LY,1596064806
733,Mossamedes,-15.2,12.15,16.65,83,68,2.37,AO,1596064811
734,Darhan,49.49,105.92,16.9,84,85,0.99,MN,1596064816
735,Alice,27.75,-98.07,32.0,59,40,2.6,US,1596064694
736,Panacan,9.25,118.41,27.05,77,96,1.96,PH,1596064826
737,Pomabamba,-8.83,-77.47,13.52,39,2,1.54,PE,1596064831
738,Chu,43.6,73.76,18.06,48,0,2.15,KZ,1596064836
739,Shelburne,44.08,-80.2,25.0,64,20,1.5,CA,1596064842
740,Bulungu,-4.55,18.6,25.0,43,0,0.7,CD,1596064847
741,Cusset,46.13,3.46,23.0,38,0,2.1,FR,1596064852
742,Bom Jesus da Lapa,-13.26,-43.42,24.07,38,15,3.46,BR,1596064857
743,Brae,60.4,-1.35,11.0,93,99,7.7,GB,1596064724
744,Mora,11.05,14.14,25.87,73,94,3.73,CM,1596064867
745,Praia da Vitória,38.73,-27.07,24.0,83,40,7.61,PT,1596064772
746,Evensk,61.95,159.23,12.57,68,97,3.68,RU,1596064878
747,Sharan,54.82,54.0,15.27,87,44,2.83,RU,1596064883
748,Santa Helena,-2.23,-45.3,24.05,91,58,1.05,BR,1596064888
749,Okato,-39.2,173.88,11.67,67,81,3.13,NZ,1596064893
750,Wagar,16.15,36.2,25.48,75,88,2.81,SD,1596064898
751,Schweinfurt,50.05,10.23,16.11,70,0,0.45,DE,1596064903
752,Srandakan,-7.94,110.25,21.32,81,46,2.09,ID,1596064908
753,Mehamn,71.04,27.85,11.96,80,0,7.84,NO,1596064914
754,Rocha,-34.48,-54.33,4.54,83,0,0.37,UY,1596064924
755,São Bento,-6.28,-37.75,24.82,63,28,6.63,BR,1596064929
756,Energetik,51.74,58.79,16.38,77,0,1.96,RU,1596064934
757,Madison Heights,42.49,-83.11,30.0,48,1,3.6,US,1596064939
758,Dalbandin,28.89,64.41,28.08,16,70,1.35,PK,1596064944
759,Tete,-16.16,33.59,15.56,82,4,0.83,MZ,1596064950
760,Cabildo,-38.48,-61.9,4.44,70,76,0.45,AR,1596064960
761,Vangaindrano,-23.35,47.6,18.99,92,77,2.97,MG,1596064965
762,Aksu,41.12,80.26,22.21,37,25,0.74,CN,1596064970
763,Sterling,39.01,-77.43,32.78,40,20,3.1,US,1596064975
764,Zhuanghe,39.7,122.99,23.21,87,27,1.26,CN,1596064980
765,Koumac,-20.57,164.28,24.7,76,26,2.88,NC,1596064991
766,Wanning,18.8,110.4,27.79,78,43,1.11,CN,1596064996
767,Tomari,47.77,142.07,20.77,81,42,6.41,RU,1596065001
768,Iranshahr,27.2,60.68,31.79,12,58,0.98,IR,1596065006
769,Ascension,30.22,-90.9,31.11,66,81,3.1,US,1596065016
770,Ayan,56.45,138.17,16.37,99,100,2.93,RU,1596065022
771,Talaya,61.38,152.75,9.03,56,25,7.79,RU,1596065027
772,North Bend,43.41,-124.22,23.89,68,1,5.7,US,1596064815
773,Nizhnyaya Tavda,57.67,66.17,10.59,71,99,2.19,RU,1596065037
774,Kilindoni,-7.91,39.67,24.98,81,28,9.24,TZ,1596065042
775,Rock Sound,24.9,-76.2,28.61,78,69,6.81,BS,1596065047
776,Zhangye,38.93,100.45,19.87,44,0,2.83,CN,1596065052
777,San Fernando del Valle de Catamarca,-28.47,-65.79,13.33,42,56,2.24,AR,1596065058
778,Birao,10.28,22.79,21.03,90,58,2.95,CF,1596065063
779,Smithers,54.78,-127.17,23.0,35,75,2.6,CA,1596065073
780,Boké,10.94,-14.3,23.44,95,100,2.39,GN,1596065078
781,Akureyri,65.68,-18.09,10.0,81,69,1.0,IS,1596064986
782,Hauge i Dalane,58.34,6.28,12.78,91,95,9.38,NO,1596064925
783,Shūshtar,32.05,48.86,34.14,23,0,1.03,IR,1596065094
784,Puerto Colombia,10.99,-74.95,29.0,79,40,5.1,CO,1596065099
785,Barabai,-2.58,115.38,21.74,88,82,0.7,ID,1596065104
786,Novy Urengoy,66.08,76.63,10.9,81,91,3.84,RU,1596065109
787,Noyabrsk,63.2,75.45,8.06,94,5,2.02,RU,1596065114
788,Greenville,35.61,-77.37,28.0,74,1,5.7,US,1596065119
789,Neyshabur,36.21,58.8,23.0,28,0,0.82,IR,1596065124
790,Atar,20.52,-13.05,32.35,31,0,7.51,MR,1596065130
791,Sangar,63.92,127.47,16.01,65,0,1.3,RU,1596065135
792,Kargil,34.57,76.1,13.52,55,28,2.7,IN,1596065140
793,Husasău de Tinca,46.82,21.92,22.22,88,51,2.6,RO,1596065145
794,Goderich,43.75,-81.72,26.67,75,22,0.82,CA,1596065150
795,Ruteng,-8.61,120.47,15.24,100,55,1.53,ID,1596065155
796,Angoche,-16.23,39.91,21.39,82,40,3.91,MZ,1596065161
797,Oxford,51.75,-1.26,16.67,77,98,2.6,GB,1596065166
798,Butembo,0.15,29.28,13.81,91,18,1.29,CD,1596065171
799,Mingrelskaya,45.01,38.34,20.56,92,0,1.43,RU,1596065176
800,Helong,42.54,129.0,19.77,88,100,1.28,CN,1596065181
801,Iwanai,42.97,140.51,22.64,62,0,1.67,JP,1596065186
802,Baykit,61.67,96.37,14.67,85,99,3.21,RU,1596065191
803,Payo,-3.75,103.64,21.08,84,99,0.31,ID,1596065197
804,Ilhabela,-23.78,-45.36,19.12,87,100,3.86,BR,1596064972
805,Jiayuguan City,39.82,98.3,19.85,42,0,0.56,CN,1596065207
806,Kangaba,11.93,-8.42,23.69,91,55,1.78,ML,1596065212
807,Paragominas,-2.97,-47.48,25.67,59,11,1.05,BR,1596065217
808,Umluj,25.02,37.27,30.26,74,42,7.02,SA,1596065222
809,Benguela,-12.58,13.41,20.35,81,76,1.87,AO,1596065228
810,Tupik,54.43,119.93,19.02,89,62,1.27,RU,1596065233
811,Freetown,8.48,-13.23,24.5,86,99,5.37,SL,1596065238
812,Hurghada,27.26,33.81,34.0,34,4,4.1,EG,1596065035
813,Oranjestad,12.52,-70.03,29.0,79,40,4.6,AW,1596065248
814,Pattani,6.75,100.42,25.0,100,75,1.5,TH,1596065253
815,Aberdeen,57.14,-2.1,11.0,81,75,5.1,GB,1596065147
816,Antalaha,-14.9,50.28,20.25,82,5,3.38,MG,1596065264
817,Seoul,37.57,126.98,25.0,94,90,1.96,KR,1596065158
818,Voh,-20.97,164.7,24.27,75,47,2.77,NC,1596065274
819,Praia,14.92,-23.51,27.0,78,40,4.6,CV,1596065258
820,San Miguel,13.48,-88.18,34.0,63,40,0.36,SV,1596065241
821,Dabat,12.98,37.77,10.51,99,97,1.14,ET,1596065289
822,Mahabalipuram,12.63,80.17,27.0,94,75,1.5,IN,1596065294
823,Pathein,16.78,94.73,25.3,94,100,1.47,MM,1596065300
824,Ajuchitlán,20.72,-100.02,20.0,68,90,5.1,MX,1596065305
825,Māngrol,21.12,70.12,28.84,80,100,6.06,IN,1596065310
826,Usinsk,65.99,57.53,10.32,75,69,4.93,RU,1596065315
827,Karoi,-16.81,29.69,11.28,76,5,0.28,ZW,1596065320
828,Yumen,40.28,97.2,18.53,34,0,1.33,CN,1596065325
829,Mandurah,-32.55,115.7,7.0,100,0,4.1,AU,1596065331
830,Kochubey,44.39,46.58,19.94,73,77,0.58,RU,1596065336
831,San Carlos,9.66,-68.58,25.45,90,99,0.54,VE,1596065346
832,Sol'-Iletsk,51.16,54.99,18.39,63,0,0.77,RU,1596065351
833,Mahibadhoo,3.78,72.97,28.18,76,98,7.4,MV,1596065356
834,Loum,4.72,9.74,21.95,94,100,0.6,CM,1596065361
835,Wang Saphung,17.3,101.77,24.0,100,75,1.0,TH,1596065367
836,Biltine,14.53,20.92,28.08,65,27,7.58,TD,1596065163
837,Miraflores,19.22,-98.81,22.0,68,90,4.1,MX,1596065377
838,Safi,32.3,-9.24,20.32,90,5,4.73,MA,1596065382
839,Dedza,-14.38,34.33,10.26,95,7,0.96,MW,1596065387
840,Morondava,-20.28,44.28,20.88,82,52,3.33,MG,1596065392
841,Sesimbra,38.44,-9.1,21.0,77,0,3.1,PT,1596065325
842,Nuuk,64.18,-51.72,8.0,93,91,2.1,GL,1596065403
843,Tambopata,-12.73,-69.18,21.0,83,4,1.5,PE,1596065408
844,Barra de Tecoanapa,16.52,-98.75,29.06,75,46,2.11,MX,1596065413
845,Oktyabr'skoye,43.06,44.74,19.0,93,100,0.63,RU,1596065418
846,Dillon,34.42,-79.37,25.0,94,90,2.46,US,1596065423
847,Andradina,-20.9,-51.38,20.75,72,3,6.59,BR,1596065429
848,Mărăcineni,45.2,26.8,25.0,53,5,1.5,RO,1596065434
849,Wynyard,-41.0,145.72,9.44,73,4,1.79,AU,1596065439
850,Kalangala,-0.31,32.23,20.0,94,20,1.0,UG,1596065444
851,Wamba,8.93,8.6,22.2,95,56,0.8,NG,1596065450
852,Volga,57.95,38.39,17.26,96,100,5.02,RU,1596065326
853,West Wendover,40.74,-114.07,34.0,17,1,5.1,US,1596065460
854,Gold Coast,-28.0,153.43,20.56,59,0,4.6,AU,1596065464
855,Kodīnar,20.79,70.7,28.21,82,100,5.37,IN,1596065470
856,County Wicklow,53.0,-6.42,15.0,82,75,1.5,IE,1596065475
857,Hadejia,12.45,10.04,27.72,65,66,4.22,NG,1596065481
858,Keskin,39.67,33.61,21.11,49,0,0.45,TR,1596065486
859,Kovdor,67.57,30.48,9.78,74,41,3.66,RU,1596065491
860,Chapais,49.78,-74.85,20.0,77,40,3.1,CA,1596065496
861,Saint-Ambroise,48.55,-71.33,18.89,100,75,3.1,CA,1596065501
862,São Francisco de Assis,-29.55,-55.13,5.44,78,0,2.7,BR,1596065474
863,Kosh-Agach,50.0,88.67,10.11,73,100,2.25,RU,1596065511
864,Nauta,-4.51,-73.58,24.12,88,81,1.06,PE,1596065517
865,Sagaing,21.88,95.98,27.0,83,75,5.1,MM,1596065522
866,Khani,41.96,42.96,20.0,94,49,1.0,GE,1596065527
867,Azle,32.9,-97.55,35.0,39,75,6.7,US,1596065532
868,Calama,-22.47,-68.93,14.0,3,0,5.1,CL,1596065537
869,Alihe,50.57,123.72,24.31,68,71,1.6,CN,1596065543
870,Bagotville,-28.98,153.42,17.0,72,3,5.1,AU,1596065548
871,Lira,2.23,32.91,17.39,93,27,0.57,UG,1596065553
872,Lovozero,68.0,35.01,6.98,90,0,2.51,RU,1596065558
873,Alice Springs,-23.7,133.88,8.0,39,0,7.33,AU,1596065512
874,Baijiantan,45.63,85.18,25.75,30,100,10.84,CN,1596065573
875,Carauari,-4.88,-66.9,26.17,63,54,1.1,BR,1596065579
876,Musoma,-1.5,33.8,20.0,88,75,2.61,TZ,1596065584
877,Balintore,57.76,-3.91,12.0,93,95,2.22,GB,1596065589
878,Mackay,-21.15,149.2,20.0,68,0,2.6,AU,1596065459
879,Stubbekøbing,54.89,12.04,15.0,68,38,7.92,DK,1596065599
880,Moyale,3.52,39.06,20.01,73,74,4.3,KE,1596065609
881,Gairatganj,23.42,78.24,24.17,90,99,0.57,IN,1596065615
882,Santiago,-33.46,-70.65,20.0,32,0,0.88,CL,1596065405
883,Seydi,39.48,62.91,23.56,21,6,6.0,TM,1596065480
884,Mwinilunga,-11.74,24.43,11.42,53,0,1.84,ZM,1596065630
885,Yeppoon,-23.13,150.73,19.0,55,0,3.1,AU,1596065635
886,Roanoke,37.27,-79.94,31.0,52,40,4.6,US,1596065581
887,Jiazi,22.88,116.07,28.93,73,88,5.16,CN,1596065645
888,Vychegodskiy,61.25,46.9,13.81,97,88,1.9,RU,1596065651
889,Berdigestyakh,62.1,126.7,16.93,69,0,1.68,RU,1596065656
890,Tupiza,-21.45,-65.72,9.33,35,0,3.1,BO,1596065661
891,Prince Albert,53.2,-105.77,29.0,54,40,4.6,CA,1596065666
892,Rovaniemi,66.5,25.72,14.0,71,100,6.7,FI,1596065671
893,Taunggyi,20.78,97.03,17.13,100,61,1.42,MM,1596065676
894,Horqueta,-23.34,-57.06,12.52,42,72,2.32,PY,1596065681
895,Arys,42.43,68.8,22.0,30,32,2.0,KZ,1596065687
896,Valle de Allende,26.93,-105.4,28.31,36,65,4.21,MX,1596065692
897,Lewisporte,49.25,-55.05,16.67,82,75,7.7,CA,1596065697
898,Stokmarknes,68.56,14.91,18.33,65,86,1.79,NO,1596065702
899,Rock Springs,41.59,-109.2,26.0,24,1,6.2,US,1596065707
900,Omboué,-1.57,9.26,23.36,80,99,3.56,GA,1596065712
901,Barreirinha,-2.79,-57.07,25.93,48,2,1.07,BR,1596065718
902,Purpe,64.48,76.69,9.44,94,45,3.08,RU,1596065723
903,Belyy Yar,53.6,91.39,16.0,100,40,2.0,RU,1596065728
904,Guantánamo,20.14,-75.21,33.0,55,20,8.7,CU,1596065733
905,Palu,-0.89,119.87,26.4,76,100,0.93,ID,1596065738
906,Kalemie,-5.95,29.19,20.53,57,0,0.61,CD,1596065743
907,Vila,42.03,-8.16,22.22,67,0,1.37,PT,1596065749
908,Châtellerault,46.8,0.53,18.0,55,0,1.5,FR,1596065759
909,Deputatsky,69.3,139.9,7.05,64,62,3.82,RU,1596065465
910,San Ramon,37.78,-121.98,32.78,22,1,7.2,US,1596065522
911,Kalmar,56.66,16.36,15.0,77,87,5.7,SE,1596065774
912,Tegul'det,57.31,88.17,15.24,97,97,2.0,RU,1596065779
913,Nikel,69.41,30.22,12.0,87,0,6.7,RU,1596065795
914,Evanston,42.04,-87.69,28.0,74,75,3.6,US,1596065800
915,Kedrovyy,56.17,91.82,14.0,93,34,1.18,RU,1596065805
916,Nortelândia,-14.45,-56.8,24.01,47,33,1.94,BR,1596065815
917,Batticaloa,7.71,81.69,26.23,74,95,2.51,LK,1596065826
918,Escanaba,45.75,-87.06,23.33,83,90,1.7,US,1596065740
919,Sarakhs,36.54,61.16,25.0,36,0,1.0,IR,1596065836
920,Kisiwani,-4.13,37.95,18.54,79,0,1.09,TZ,1596065841
921,Batemans Bay,-35.72,150.18,13.89,100,1,1.24,AU,1596065846
922,Slave Lake,55.28,-114.77,22.0,78,90,1.5,CA,1596065851
923,Gallup,35.53,-108.74,33.0,13,1,2.1,US,1596065857
924,Bay Roberts,47.6,-53.26,13.89,1,78,2.83,CA,1596065862
925,Turukhansk,65.82,87.98,15.14,88,98,5.69,RU,1596065651
926,Utete,-7.99,38.76,20.36,89,1,0.97,TZ,1596065872
927,Amarante do Maranhão,-5.57,-46.74,27.34,45,85,1.43,BR,1596065877
928,Santa Lucía,27.91,-15.54,23.0,69,75,11.8,ES,1596065882
929,Grand Gaube,-20.01,57.66,21.11,78,36,2.24,MU,1596065887
930,Jashpurnagar,22.9,84.15,22.67,98,100,1.0,IN,1596065893
931,Garautha,25.57,79.3,28.15,80,100,1.65,IN,1596065898
932,Kenora,49.82,-94.43,24.0,47,20,1.0,CA,1596065669
933,Acaraú,-2.89,-40.12,25.43,79,10,5.72,BR,1596065908
934,Kingman,35.19,-114.05,39.0,10,1,7.42,US,1596065913
935,Robertsport,6.75,-11.37,24.72,80,54,5.59,LR,1596065918
936,Magadan,59.57,150.8,16.33,44,37,6.78,RU,1596065923
937,Klyuchi,52.27,79.17,13.07,86,12,3.29,RU,1596065929
938,Vallenar,-28.57,-70.76,18.2,30,71,1.51,CL,1596065934
939,Tornio,65.85,24.15,14.0,87,97,3.6,FI,1596065939
940,Mayumba,-3.43,10.66,22.01,84,74,2.88,GA,1596065944
941,Minggang,32.46,114.05,26.26,89,88,1.65,CN,1596065949
942,Healdsburg,38.61,-122.87,28.89,42,1,5.1,US,1596065954
943,Huarmey,-10.07,-78.15,15.69,82,3,3.24,PE,1596065960
944,San Antonio,29.42,-98.49,29.0,83,1,2.6,US,1596065726
945,Bāfq,31.61,55.41,24.44,22,0,0.74,IR,1596065970
946,Verāval,20.9,70.37,28.85,81,100,5.89,IN,1596065975
947,Paphos,34.77,32.42,23.0,60,0,2.1,CY,1596065980
948,Leningradskiy,69.38,178.42,6.4,71,16,6.16,RU,1596065985
949,Thaba Nchu,-29.21,26.84,1.0,69,0,2.1,ZA,1596065996
950,Limbe,4.02,9.21,24.0,100,75,1.0,CM,1596066001
951,Yinchuan,38.47,106.27,27.31,36,99,7.87,CN,1596065962
952,Mingguang,32.78,117.96,24.88,94,95,4.58,CN,1596066011
953,La Rioja,42.25,-2.5,23.0,78,1,1.99,ES,1596065920
954,Brazzaville,-4.27,15.28,24.0,69,67,3.41,CG,1596065851
955,Igrim,63.19,64.42,9.93,69,93,0.89,RU,1596065907
956,Angoram,-4.06,144.07,29.24,68,9,1.62,PG,1596066031
957,Darlawn,24.02,92.9,20.02,100,100,0.87,IN,1596066037
958,Assaré,-6.87,-39.88,21.86,68,2,3.26,BR,1596066042
959,Revda,56.8,59.93,15.0,93,40,2.0,RU,1596066047
960,Southbridge,42.08,-72.03,27.78,52,37,1.79,US,1596066052
961,Esim,4.87,-2.24,23.49,88,89,3.35,GH,1596065770
962,Palmer,42.16,-72.33,31.0,45,20,2.6,US,1596066062
963,Miandrivazo,-19.52,45.47,21.99,71,87,0.94,MG,1596066067
964,Becerril,9.7,-73.28,26.7,78,37,2.58,CO,1596066073
965,Skibbereen,51.55,-9.27,15.0,93,75,6.2,IE,1596066078
966,Promyshlennyy,67.58,63.92,7.32,92,77,2.87,RU,1596066083
967,Vila do Maio,15.13,-23.22,27.0,78,40,4.6,CV,1596066088
968,Province of Mantua,45.17,10.78,25.56,73,25,1.0,IT,1596066093
969,Bariloche,-41.15,-71.31,-1.0,74,98,3.1,AR,1596065896
970,São João da Barra,-21.64,-41.05,21.69,87,8,5.22,BR,1596066103
971,Hailey,43.52,-114.32,30.0,25,20,5.1,US,1596066109
972,Huilong,31.81,121.66,28.89,87,99,0.45,CN,1596065926
973,Jalu,29.03,21.55,27.12,36,0,4.2,LY,1596066124
974,Grand Bank,47.1,-55.77,14.17,89,92,6.43,CA,1596066129
975,Namie,37.48,141.0,22.78,97,90,2.97,JP,1596066134
976,Duluth,46.78,-92.11,25.0,78,1,3.1,US,1596066139
977,Karwar,14.8,74.13,25.92,85,100,2.41,IN,1596066145
978,Pribinić,44.61,17.69,20.0,82,1,1.0,BA,1596066150
979,Santa Fe,-31.63,-60.7,8.33,49,0,0.89,AR,1596066131
980,Deltona,28.9,-81.26,25.0,94,75,3.6,US,1596066160
981,Arlit,18.74,7.39,35.26,26,40,2.17,NE,1596066165
982,The Valley,18.22,-63.06,27.0,88,40,6.7,AI,1596066154
983,Kenai,60.55,-151.26,21.0,60,1,3.1,US,1596066176
984,Samfya,-11.36,29.56,14.16,69,3,3.81,ZM,1596066181
985,Clemmons,36.02,-80.38,29.44,72,9,2.14,US,1596066186
986,Romita,20.87,-101.52,25.0,53,75,3.6,MX,1596066191
987,San José de Miranda,6.66,-72.73,17.38,77,53,1.13,CO,1596066196
988,Maicao,11.38,-72.24,28.44,68,57,2.82,CO,1596066201
989,Puerto Lempira,15.27,-83.77,26.93,87,98,3.74,HN,1596066206
990,Arrondissement de Sens,48.17,3.33,13.89,69,0,2.57,FR,1596066212
991,Canutama,-6.53,-64.38,26.58,52,44,1.07,BR,1596066217
992,Peniche,39.36,-9.38,18.89,91,1,2.68,PT,1596066222
993,Belaya Gora,68.53,146.42,10.02,56,97,5.22,RU,1596066232
994,Taber,49.82,-112.15,31.0,33,20,5.1,CA,1596066237
995,Saint-Jean-de-Luz,43.39,-1.66,20.0,88,10,1.0,FR,1596066242
996,Ramotswa,-24.87,25.87,7.0,56,0,1.0,BW,1596066248
997,Qinhuangdao,39.93,119.59,28.16,69,5,3.68,CN,1596066253
998,Alcúdia,39.85,3.12,28.0,45,4,1.5,ES,1596066258
999,Kachug,53.96,105.88,18.62,85,56,0.2,RU,1596066263
1000,Kushiro,42.98,144.37,20.0,82,40,1.5,JP,1596066268
1001,Kupang,-10.17,123.58,23.0,73,20,5.7,ID,1596066273
1002,Luganville,-15.53,167.17,27.0,83,75,4.41,VU,1596066278
1003,Mahina,-17.51,-149.49,28.0,69,75,8.2,PF,1596066284
1004,Muli,2.92,73.57,28.37,75,95,7.75,MV,1596066289
1005,Agde,43.31,3.48,24.0,73,0,1.0,FR,1596066294
1006,Kisangani,0.52,25.2,22.32,82,25,1.03,CD,1596066299
1007,Tawang Town,27.58,91.87,14.38,78,100,0.17,IN,1596066304
1008,Kokkola,63.84,23.13,16.11,93,90,5.1,FI,1596066309
1009,Manzhouli,49.6,117.43,21.48,76,98,1.71,CN,1596066314
1010,Springfield,37.22,-93.3,25.0,88,90,4.1,US,1596066303
1011,Challapata,-18.9,-66.77,5.51,57,0,1.12,BO,1596066325
1012,Sicuani,-14.27,-71.23,10.67,46,0,1.4,PE,1596066330
1013,‘Āhuimanu,21.44,-157.84,31.0,54,75,5.1,US,1596066335
1014,Santa Cruz del Sur,20.71,-78.0,29.32,76,17,7.63,CU,1596066340
1015,Acapulco de Juárez,16.86,-99.89,30.0,79,75,1.5,MX,1596066281
1016,Hailun,47.45,126.93,23.84,79,32,2.15,CN,1596066351
1017,Örebro,59.27,15.21,15.0,87,64,3.1,SE,1596066356
1018,São Miguel do Araguaia,-13.28,-50.16,24.14,38,1,2.52,BR,1596066361
1019,Valparaíso,-33.04,-71.63,12.0,87,0,2.08,CL,1596066366
1020,Lufilufi,-13.87,-171.6,27.78,83,50,9.62,WS,1596066371
1021,Ermelo,-26.53,29.98,4.28,67,0,1.27,ZA,1596066376
1022,Riyadh,24.69,46.72,33.0,31,22,3.59,SA,1596065821
1023,San Jerónimo,-11.95,-75.28,11.11,59,9,2.34,PE,1596066387
1024,Cam Ranh,11.92,109.16,29.0,79,20,1.5,VN,1596066392
1025,Santa Ana,33.75,-117.87,31.11,60,20,4.1,US,1596066265
1026,Cairns,-16.92,145.77,22.0,53,13,4.1,AU,1596066139
1027,Imeni Zhelyabova,58.95,36.6,15.8,96,93,4.26,RU,1596066408
1028,Ariquemes,-9.91,-63.04,27.43,43,35,1.36,BR,1596066413
1029,Neuquén,-38.95,-68.06,6.0,81,43,2.28,AR,1596066418
1030,Honningsvåg,70.98,25.97,13.3,80,1,5.16,NO,1596066423
1031,Malbork,54.04,19.03,14.44,74,24,4.18,PL,1596066428
1032,Gimli,50.63,-96.99,27.22,88,1,1.86,CA,1596066434
1033,Mitsamiouli,-11.38,43.28,25.0,82,75,5.38,KM,1596066439
1034,Hirara,24.8,125.28,29.0,89,75,4.1,JP,1596066444
1035,Sardínia,38.88,21.2,24.0,83,0,2.1,GR,1596066449
1036,Beijing,39.91,116.4,30.0,86,33,0.25,CN,1596066309
1037,Vigrestad,58.57,5.7,11.67,99,98,2.68,NO,1596066459
1038,Paka,4.64,103.44,25.0,94,40,1.0,MY,1596066470
1039,Liuzhou,24.31,109.39,28.14,79,99,1.11,CN,1596066475
1040,Gloversville,43.05,-74.34,23.33,100,1,2.1,US,1596066345
1041,Sumter,28.71,-82.08,25.56,89,91,0.89,US,1596066485
1042,Yamada,39.47,141.95,22.31,73,4,3.71,JP,1596066490
1043,Yasothon,15.75,104.13,28.89,94,20,2.81,TH,1596066495
1044,Kollam,8.88,76.6,25.0,83,75,0.5,IN,1596066255
1045,Labis,2.38,103.02,23.3,83,100,0.62,MY,1596066506
1046,Almaznyy,48.04,40.05,18.0,63,0,1.0,RU,1596066511
1047,Malanje,-9.54,16.34,14.79,76,45,1.64,AO,1596066516
1048,Kuching,1.55,110.33,24.0,100,20,1.5,MY,1596066521
1049,Ciudad del Carmen,18.63,-91.83,27.0,74,90,5.1,MX,1596066471
1050,Giyani,-23.3,30.72,14.48,37,0,2.04,ZA,1596066531
1051,Edgewater,28.99,-80.9,23.33,88,75,4.47,US,1596066536
1052,Gusau,12.16,6.66,25.0,80,37,4.94,NG,1596066542
1053,Nhulunbuy,-12.23,136.77,25.0,50,20,7.7,AU,1596066547
1054,Feijó,-8.16,-70.35,26.28,64,39,0.7,BR,1596066552
1055,Cururupu,-1.83,-44.87,23.68,94,5,0.96,BR,1596066557
1056,Christchurch,-43.53,172.63,13.33,82,61,4.1,NZ,1596066562
1057,Leshukonskoye,64.9,45.76,11.51,69,34,2.72,RU,1596066567
1058,Cockburn Town,21.46,-71.14,28.21,80,4,10.64,TC,1596066572
1059,Tautira,-17.73,-149.15,28.0,69,75,8.2,PF,1596066578
1060,Long Beach,33.77,-118.19,26.67,50,1,5.7,US,1596066549
1061,Manokwari,-0.87,134.08,28.11,67,41,1.34,ID,1596066593
1062,Tsagan Aman,47.56,46.72,22.22,74,36,1.22,RU,1596066598
1063,Brownsville,25.9,-97.5,29.44,70,1,3.6,US,1596066480
1064,Makat,47.65,53.35,24.81,28,12,3.61,KZ,1596066608
1065,Khilok,51.37,110.47,19.04,80,21,0.75,RU,1596066614
1066,Lázaro Cárdenas,17.96,-102.2,29.38,71,78,1.77,MX,1596066624
1067,Lagos,6.58,3.75,25.0,88,20,1.5,NG,1596066518
1068,Puerto Wilches,7.35,-73.9,26.58,87,30,0.6,CO,1596066634
1069,Changying,52.87,123.32,25.79,55,10,1.45,CN,1596066639
1070,Baruun-Urt,46.68,113.28,17.36,81,100,2.95,MN,1596066644
1071,Devrek,41.22,31.96,18.37,73,0,1.59,TR,1596066650
1072,Cooma,-36.23,149.13,4.0,100,90,4.1,AU,1596066655
1073,Tingo María,-9.29,-76.01,21.48,82,10,0.9,PE,1596066660
1074,Nohar,29.18,74.77,31.33,61,52,4.74,IN,1596066665
1075,Takoradze,4.88,-1.76,23.72,88,82,3.97,GH,1596066670
1076,Kolosovka,56.47,73.61,8.17,90,0,2.74,RU,1596066675
1077,Xinmin,41.99,122.83,25.0,88,90,3.0,CN,1596066681
1078,Vanavara,60.34,102.28,14.83,63,64,4.63,RU,1596066696
1079,Weyburn,49.67,-103.85,31.11,44,84,4.02,CA,1596066701
1080,Safaga,26.73,33.94,34.0,34,9,4.1,EG,1596066706
1081,Gawler,-34.6,138.73,10.56,94,0,0.45,AU,1596066711
1082,Mufumbwe,-13.68,24.8,11.95,52,0,2.53,ZM,1596066717
1083,Katherine,-14.47,132.27,18.0,34,0,4.1,AU,1596066722
1084,Ulladulla,-35.35,150.47,13.33,71,9,4.1,AU,1596066660
1085,Hinton,53.4,-117.59,21.73,64,97,3.01,CA,1596066732
1086,Balkhash,46.84,74.98,19.13,57,0,4.4,KZ,1596066737
1087,Samaná,19.21,-69.34,28.0,88,75,6.2,DO,1596066742
1088,Łęczna,51.3,22.88,15.56,100,11,0.5,PL,1596066736
1089,Bayburt,40.26,40.23,11.36,86,1,0.49,TR,1596066758
1090,Jiexiu,37.02,111.91,26.55,55,22,0.37,CN,1596066518
1091,Paramonga,-10.67,-77.83,15.04,85,9,2.95,PE,1596066768
1092,Saquarema,-22.92,-42.51,22.0,78,75,4.1,BR,1596066773
1093,Agadez,19.75,10.25,31.25,13,98,3.76,NE,1596066778
1094,Baturaja,-4.13,104.17,22.16,86,75,0.48,ID,1596066783
1095,Rincon,32.3,-81.24,26.11,88,75,3.1,US,1596066541
1096,Carndonagh,55.25,-7.27,11.13,94,100,3.63,IE,1596066794
1097,Abidjan,5.31,-4.02,24.0,100,20,2.1,CI,1596066799
1098,Maumere,-8.62,122.21,25.29,68,30,2.87,ID,1596066804
1099,Kendari,-3.94,122.5,24.82,75,91,1.38,ID,1596066809
1100,Tazovsky,67.47,78.7,11.47,73,62,3.37,RU,1596066814
1101,Blagoyevo,63.37,47.92,11.87,95,30,2.27,RU,1596066820
1102,Elyria,41.37,-82.11,29.0,48,1,4.6,US,1596066798
1103,Khorinsk,52.17,109.77,20.53,76,33,1.27,RU,1596066830
1104,Dudinka,69.41,86.18,15.0,67,0,5.0,RU,1596066835
1105,Tabory,58.52,64.55,11.23,97,99,1.96,RU,1596066840
1106,Shushenskoye,53.33,91.94,17.0,93,40,2.0,RU,1596066851
1107,Konotop,51.24,33.2,17.93,97,96,2.13,UA,1596066856
1108,Finschhafen,-6.6,147.87,28.63,68,40,4.66,PG,1596066861
1109,Gwembe,-16.5,27.61,11.42,64,0,1.12,ZM,1596066866
1110,Pāsighāt,28.07,95.33,23.73,89,100,1.24,IN,1596066871
1111,Epe,6.58,3.98,23.43,87,77,2.57,NG,1596066876
1112,Machilipatnam,16.17,81.13,28.22,83,100,2.75,IN,1596066846
1113,Porto Torres,40.84,8.4,25.31,63,0,1.58,IT,1596066886
1114,Kushima,31.46,131.23,28.0,83,20,2.1,JP,1596066892
1115,Toyooka,35.53,134.83,25.0,94,75,0.5,JP,1596066897
1116,Iskateley,67.68,53.15,8.21,88,51,3.05,RU,1596066907
1117,Gürsu,40.22,29.19,17.0,82,0,2.24,TR,1596066912
1118,Plaeng Yao,13.58,101.28,31.11,85,74,1.29,TH,1596066918
1119,St. George's,12.06,-61.75,29.0,83,75,9.3,GD,1596066923
1120,Shiraz,29.6,52.54,24.0,33,1,1.95,IR,1596066928
1121,Strenči,57.63,25.69,12.22,90,0,1.79,LV,1596066933
1122,Drymen,56.07,-4.45,10.0,87,92,1.0,GB,1596066938
1123,Slidell,30.28,-89.78,32.0,62,1,5.7,US,1596066943
1124,Princeton,25.54,-80.41,30.0,62,1,4.1,US,1596066843
1125,Kolokani,13.57,-8.03,24.58,83,46,1.08,ML,1596066954
1126,Gēdo,9.02,37.45,11.18,100,97,1.06,ET,1596066959
1127,Live Oak,36.98,-121.98,24.44,69,2,1.79,US,1596066964
1128,Camaná,-16.62,-72.71,15.24,77,5,2.38,PE,1596066974
1129,Chulym,55.1,80.96,10.91,97,59,4.12,RU,1596066980
1130,Mikuni,36.22,136.15,26.0,78,75,0.5,JP,1596066985
1131,Pindiga,9.98,10.93,22.17,95,100,4.53,NG,1596066990
1132,Port Hawkesbury,45.62,-61.35,21.11,94,75,0.47,CA,1596066711
1133,Cienfuegos,22.15,-80.44,32.0,66,12,4.1,CU,1596067000
1134,Tuni,17.35,82.55,26.9,85,100,1.74,IN,1596067010
1135,Khāsh,28.22,61.22,19.83,28,44,0.33,IR,1596067016
1136,Bad Freienwalde,52.79,14.03,13.33,69,23,0.45,DE,1596067021
1137,Batočina,44.15,21.08,18.0,100,0,0.5,RS,1596067026
1138,Mana,5.66,-53.78,26.35,84,90,4.74,GF,1596067031
1139,Muzhi,65.37,64.67,9.63,95,79,2.39,RU,1596067036
1140,Kariba,-16.52,28.8,15.1,63,0,1.42,ZW,1596067041
1141,Oranjemund,-28.55,16.43,12.13,83,0,5.31,NA,1596067046
1142,Hoopstad,-27.83,25.91,8.36,52,0,2.4,ZA,1596067052
1143,Sherman,33.64,-96.61,33.0,46,5,6.7,US,1596066870
1144,Tiarei,-17.53,-149.33,28.0,69,75,8.2,PF,1596067062
1145,Mahabad,36.76,45.72,24.97,26,0,3.5,IR,1596067067
1146,Maralal,1.1,36.7,13.41,87,16,2.03,KE,1596067072
1147,Mariehamn,60.1,19.93,15.0,82,60,2.1,AX,1596067077
1148,Tías,28.96,-13.64,23.0,69,75,7.7,ES,1596067082
1149,De Aar,-30.65,24.01,7.14,54,0,2.07,ZA,1596067093
1150,Wewak,-3.55,143.63,28.26,72,5,2.48,PG,1596067098
1151,Borna,51.12,12.5,14.44,80,39,0.18,DE,1596067103
1152,Santa Rosa,14.31,121.11,26.11,94,100,1.42,PH,1596067108
1153,Phang Nga,8.45,98.53,26.0,94,75,1.5,TH,1596067113
1154,Langsa,4.47,97.97,24.05,93,99,0.94,ID,1596067118
1155,São Francisco de Paula,-29.45,-50.58,2.78,99,0,1.01,BR,1596067124
1156,Gwadar,25.12,62.33,28.82,86,88,1.59,PK,1596067129
1157,Dzaoudzi,-12.79,45.27,24.0,88,1,5.7,YT,1596067134
1158,Ullal,12.8,74.85,25.0,94,75,1.5,IN,1596067139
1159,Manicoré,-5.81,-61.3,26.0,83,1,1.09,BR,1596067144
1160,Sutton,51.35,-0.2,16.67,75,89,1.22,GB,1596067149
1161,Plouzané,48.38,-4.62,14.0,93,15,3.1,FR,1596067154
1162,Ust-Tsilma,65.44,52.15,7.72,80,0,1.9,RU,1596067165
1163,Mīnāb,27.15,57.08,33.0,79,59,1.35,IR,1596067170
1164,Wuwei,37.93,102.64,23.11,42,74,1.3,CN,1596067175
1165,Saravan,39.72,45.65,25.0,50,2,2.1,AM,1596067180
1166,Mbini,1.57,9.61,24.0,94,40,3.1,GQ,1596067185
1167,Mordovo,52.08,40.77,19.87,55,55,3.69,RU,1596067190
1168,Thessalon,46.25,-83.57,22.0,60,1,2.1,CA,1596067196
1169,Haines Junction,60.75,-137.51,23.72,40,32,0.86,CA,1596067201
1170,Ouricuri,-7.88,-40.08,21.61,75,27,3.1,BR,1596067206
1171,Harper,4.38,-7.72,24.12,86,81,4.09,LR,1596067212
1172,Kovylkino,54.04,43.91,18.7,58,42,4.73,RU,1596067218
1173,Busdi,8.28,125.25,23.66,84,100,1.16,PH,1596067223
1174,Murud,18.33,72.97,25.95,89,100,1.57,IN,1596067228
1175,Bording,56.15,9.28,11.0,93,70,5.7,DK,1596067233
1176,Warrington,53.39,-2.58,15.56,82,75,2.1,GB,1596067011
1177,Tārānagar,28.67,75.04,29.35,68,100,4.73,IN,1596067243
1178,Gola Bāzār,26.34,83.36,26.0,100,75,2.6,IN,1596067254
1179,Khoy,38.55,44.95,23.12,51,1,2.72,IR,1596067259
1180,Flin Flon,54.77,-101.86,26.0,50,20,3.6,CA,1596067264
1181,Sittwe,20.15,92.9,27.21,84,100,2.26,MM,1596067269
1182,Yaan,7.38,8.57,22.25,96,3,2.51,NG,1596067275
1183,Papagaios,-19.45,-44.75,21.57,48,36,1.73,BR,1596067272
1184,Rabo de Peixe,37.8,-25.58,22.0,100,75,4.1,PT,1596067285
1185,Qaqortoq,60.72,-46.03,12.0,71,37,2.6,GL,1596067295
1186,Saint-Augustin,51.23,-58.65,14.96,80,35,5.43,CA,1596067300
1187,Midland,32.0,-102.08,37.0,22,1,5.7,US,1596067311
1188,Kenosha,42.57,-88.05,28.0,54,20,2.6,US,1596067073
1189,Buchlovice,49.09,17.34,15.56,85,11,1.21,CZ,1596067321
1190,Punta Alta,-38.88,-62.07,7.43,60,81,4.72,AR,1596067326
1191,Placerville,38.73,-120.8,37.78,13,1,3.1,US,1596067331
1192,Salisbury,51.07,-1.8,15.0,82,100,1.5,GB,1596067163
1193,Inuvik,68.35,-133.72,12.0,76,75,1.5,CA,1596067342
1194,Palekastro,35.2,26.25,27.22,45,0,6.26,GR,1596067347
1195,Keti Bandar,24.14,67.45,29.67,77,100,6.6,PK,1596067352
1196,Båtsfjord,70.63,29.72,11.68,84,41,7.57,NO,1596067357
1197,Rāvar,31.27,56.81,21.97,27,0,1.01,IR,1596067362
1198,Chingola,-12.53,27.88,10.52,84,0,2.28,ZM,1596067367
1199,Tabas,33.6,56.92,33.0,18,0,1.0,IR,1596067372
1200,Makueni Boma,-1.8,37.62,15.08,86,0,0.34,KE,1596067378
1201,Mājalgaon,19.15,76.23,25.56,82,100,3.01,IN,1596067383
1202,Ossora,59.24,163.07,14.51,87,90,3.49,RU,1596067388
1203,Santa Isabel Rio Negro,-0.41,-65.02,24.81,83,11,1.24,BR,1596067393
1204,Challans,46.84,-1.87,18.0,59,0,3.1,FR,1596067398
1205,Constantine,36.37,6.61,25.0,36,0,3.1,DZ,1596067403
1206,Kirovskiy,45.09,133.51,24.04,75,19,1.67,RU,1596067409
1207,Torrington,41.8,-73.12,27.78,75,6,2.04,US,1596067414
1208,Kurumkan,54.3,110.3,20.58,76,100,1.01,RU,1596067419
1209,Ehnen,49.6,6.39,18.0,52,20,5.1,LU,1596067424
1210,Stabat,3.76,98.45,25.0,100,40,1.0,ID,1596067429
1211,Lircay,-12.99,-74.72,9.65,57,4,1.98,PE,1596067434
1212,Mbanza-Ngungu,-5.25,14.87,19.48,78,74,3.86,CD,1596067439
1213,Lyubim,58.36,40.68,17.37,97,100,3.11,RU,1596067445
1214,Yabēlo,4.88,38.08,15.04,79,61,4.33,ET,1596067450
1215,Guymon,36.68,-101.48,33.0,41,1,4.6,US,1596067455
1216,Shīeli,44.17,66.75,20.39,36,12,4.66,KZ,1596067460
1217,Charyshskoye,51.4,83.56,12.86,85,100,2.47,RU,1596067465
1218,Mirny,62.54,113.96,15.0,62,71,3.0,RU,1596067470
1219,Khandyga,62.67,135.6,18.77,35,0,4.35,RU,1596067475
1220,Campoverde,-8.48,-74.81,27.0,78,40,2.6,PE,1596067480
1221,Sembakung,3.82,117.25,24.75,95,100,1.06,ID,1596067486
1222,Murray Bridge,-35.12,139.27,12.22,95,14,2.12,AU,1596067491
1223,Amnat Charoen,15.86,104.63,27.09,79,65,2.38,TH,1596067496
1224,Chittarkonda,18.12,82.08,23.14,88,90,1.28,IN,1596067501
1225,Nelson Bay,-32.72,152.15,15.56,82,75,7.7,AU,1596067506
1226,Linares,-35.85,-71.6,6.2,78,99,0.29,CL,1596067511
1227,Portobelo,9.55,-79.65,28.89,79,87,1.34,PA,1596067481
1228,Galesong,-5.32,119.37,22.0,100,20,0.5,ID,1596067522
1229,Matara,5.95,80.54,25.21,90,81,4.98,LK,1596067532
1230,Haradok,55.46,29.98,12.11,89,0,3.78,BY,1596067537
1231,Mazagão,-0.12,-51.29,29.0,83,53,1.0,BR,1596067542
1232,Santa Cruz,30.42,-9.6,22.0,78,0,3.1,MA,1596067385
1233,Guasdualito,7.24,-70.73,25.08,89,74,0.85,VE,1596067552
1234,Alikalia,9.17,-11.4,21.05,98,97,1.64,SL,1596067563
1235,Ibrā’,22.69,58.53,31.13,53,90,0.64,OM,1596067568
1236,Ron,15.67,75.73,22.95,89,100,4.94,IN,1596067573
1237,La Romana,18.43,-68.97,27.0,83,75,10.3,DO,1596067578
1238,Khabary,53.63,79.53,10.95,92,1,4.34,RU,1596067583
1239,Aswān,24.09,32.91,34.52,25,41,2.98,EG,1596067588
1240,Shestakovo,56.49,103.96,15.69,83,87,2.69,RU,1596067599
1241,Grootfontein,-19.57,18.12,8.4,47,0,2.92,NA,1596067604
1242,Clive,41.6,-93.72,28.0,74,90,4.1,US,1596067574
1243,Holiday,28.19,-82.74,30.56,74,93,2.43,US,1596067614
1244,Gushikawa,26.35,127.87,30.0,89,40,4.6,JP,1596067619
1245,Altay,47.87,88.12,18.0,49,90,1.09,CN,1596067624
1246,Japura,-0.32,102.35,23.61,89,86,0.33,ID,1596067630
1247,Belvedere Marittimo,39.62,15.86,26.11,63,0,0.15,IT,1596067635
1248,Key Largo,25.09,-80.45,28.89,69,1,3.13,US,1596067411
1249,Carballo,43.21,-8.69,19.44,82,0,1.0,ES,1596067645
1250,Shache,38.42,77.24,22.03,32,12,2.27,CN,1596067650
1251,Khanbari,27.37,87.2,22.96,72,100,0.45,NP,1596067421
1252,Fomboni,-12.28,43.74,24.45,87,78,6.19,KM,1596067660
1253,Ust'ye,59.63,39.74,16.43,96,100,2.49,RU,1596067666
1254,Tambura,5.6,27.47,19.66,96,90,1.18,SS,1596067676
1255,San Angelo,31.46,-100.44,36.0,30,1,5.1,US,1596067441
1256,Creston,41.06,-94.36,24.0,100,1,2.1,US,1596067686
1257,Boralday,43.36,76.86,14.0,71,20,1.0,KZ,1596067691
1258,Uyemskiy,64.47,40.85,13.0,87,35,3.0,RU,1596067696
1259,Puerto Escondido,15.85,-97.07,26.0,69,90,2.6,MX,1596067707
1260,Shebunino,46.43,141.86,21.27,84,32,5.87,RU,1596067712
1261,Ambon City,-3.7,128.18,26.11,83,75,3.6,ID,1596067717
1262,Talalayivka,50.96,31.92,18.17,98,88,2.22,UA,1596067722
1263,Rio Verde de Mato Grosso,-18.92,-54.84,22.26,56,42,5.56,BR,1596067727
1264,Archidona,37.1,-4.39,26.11,88,2,1.34,ES,1596067732
1265,Gunjur,13.2,-16.73,26.0,88,40,2.1,GM,1596067738
1266,Douglas,41.3,-96.17,28.33,65,40,1.5,US,1596067743
1267,Homer,59.64,-151.55,18.33,63,1,5.1,US,1596067753
1268,Paraná,-31.73,-60.52,7.78,52,0,0.45,AR,1596067758
1269,Marcovia,13.29,-87.31,29.13,66,52,1.69,HN,1596067763
1270,Svobodnyy,51.4,128.13,24.86,72,29,1.6,RU,1596067768
1271,Tanggul,-8.16,113.45,21.74,66,11,0.42,ID,1596067774
1272,Boali,4.8,18.13,23.0,100,20,0.7,CF,1596067779
1273,Raychikhinsk,49.78,129.41,24.7,74,0,2.82,RU,1596067784
1274,Svetlaya,46.54,138.33,26.05,68,0,2.2,RU,1596067789
1275,Ryōtsu-minato,38.08,138.43,24.0,88,40,2.6,JP,1596067794
1276,Nālūt,30.33,10.85,25.41,36,0,7.04,LY,1596067799
1277,Kisi,9.08,3.85,21.71,94,61,2.37,NG,1596067805
1278,Am Timan,11.03,20.28,21.53,95,99,2.85,TD,1596067810
1279,Kikuchi,32.98,130.82,28.0,83,20,0.5,JP,1596067815
1280,Doha,25.29,51.53,36.0,56,1,1.5,QA,1596067541
1281,Nago,26.59,127.98,30.0,89,40,4.6,JP,1596067830
1282,Concepción,-36.83,-73.05,9.0,81,100,1.5,CL,1596067608
1283,Makubetsu,45.37,141.82,22.0,83,75,7.7,JP,1596067841
1284,Tiznit Province,29.58,-9.5,24.22,48,0,0.83,MA,1596067846
1285,Ende,-8.84,121.66,24.49,69,51,2.34,ID,1596067851
1286,Chutove,49.71,35.16,20.66,59,38,3.5,UA,1596067856
1287,Paralímni,35.04,33.98,27.78,41,0,2.6,CY,1596067866
1288,Desbiens,48.42,-71.95,20.0,77,75,4.1,CA,1596067871
1289,Uíge,-7.61,15.06,15.72,75,17,1.41,AO,1596067829
1290,Podor,16.65,-14.96,29.33,63,88,8.64,MR,1596067882
1291,Dīdwāna,27.4,74.57,28.63,72,81,2.37,IN,1596067887
1292,Tiradentes,-21.11,-44.18,17.0,77,88,1.0,BR,1596067892
1293,Fuyang,32.9,115.82,26.86,90,100,2.6,CN,1596067897
1294,Progreso,21.28,-89.67,32.22,55,75,4.6,MX,1596067902
1295,Ginda,30.69,78.49,18.11,91,100,0.15,IN,1596067907
1296,Chatrapur,19.35,84.98,27.65,84,99,1.8,IN,1596067913
1297,La Providencia,28.72,-111.58,35.56,56,59,6.71,MX,1596067918
1298,Sumbe,-11.21,13.84,20.48,87,58,4.14,AO,1596067923
1299,Ascoli Piceno,42.85,13.57,24.44,75,0,2.35,IT,1596067928
1300,Edd,13.93,41.69,30.96,68,97,3.71,ER,1596067933
1301,Ngunguru,-35.62,174.5,15.56,3,100,3.13,NZ,1596067687
1302,Dzilam González,21.28,-88.93,30.4,60,4,3.84,MX,1596067943
1303,Kautokeino,69.01,23.04,12.07,83,87,3.16,NO,1596067949
1304,Gizo Government Station,-8.1,156.84,28.92,74,9,4.85,SB,1596067954
1305,Itacarambi,-15.1,-44.09,21.61,44,2,1.03,BR,1596067959
1306,Klaeng,12.78,101.65,27.78,96,96,0.55,TH,1596067964
1307,Point Pleasant,40.08,-74.07,30.0,88,1,2.1,US,1596067969
1308,Yangjiang,21.85,111.97,28.51,79,97,2.06,CN,1596067974
1309,Pimentel,-6.84,-79.93,18.0,72,1,8.2,PE,1596067979
1310,Dinghaicun,26.28,119.79,29.0,83,75,9.0,CN,1596067985
1311,Ulaanbaatar,47.91,106.88,16.0,82,40,2.35,MN,1596067882
1312,Dauphin,51.15,-100.05,27.0,61,1,3.6,CA,1596067995
1313,Karlskrona,56.16,15.59,13.0,87,67,5.1,SE,1596068000
1314,Qianjiang,30.42,112.89,26.93,89,86,1.98,CN,1596068005
